[0m11:42:58.443661 [debug] [MainThread]: Sending event: {'category': 'dbt', 'action': 'invocation', 'label': 'start', 'context': [<snowplow_tracker.self_describing_json.SelfDescribingJson object at 0x7edcf722b1d0>, <snowplow_tracker.self_describing_json.SelfDescribingJson object at 0x7edcf72d5430>, <snowplow_tracker.self_describing_json.SelfDescribingJson object at 0x7edcf72fe6f0>]}


============================== 11:42:58.451491 | b4d7dd7d-3f57-4eb9-ac9b-c0c94aa0a3e3 ==============================
[0m11:42:58.451491 [info ] [MainThread]: Running with dbt=1.11.2
[0m11:42:58.452720 [debug] [MainThread]: running dbt with arguments {'no_print': 'None', 'send_anonymous_usage_stats': 'True', 'fail_fast': 'False', 'debug': 'False', 'version_check': 'True', 'warn_error_options': 'WarnErrorOptionsV2(error=[], warn=[], silence=[])', 'profiles_dir': '.', 'introspect': 'True', 'cache_selected_only': 'False', 'partial_parse': 'True', 'use_experimental_parser': 'False', 'static_parser': 'True', 'target_path': 'None', 'log_path': '/content/drive/MyDrive/LPE/Amerigo/25-26/CC/alt db/dbt_project/logs', 'write_json': 'True', 'indirect_selection': 'eager', 'empty': 'None', 'printer_width': '80', 'log_cache_events': 'False', 'use_colors': 'True', 'warn_error': 'None', 'quiet': 'False', 'invocation_command': 'dbt debug --profiles-dir .', 'log_format': 'default'}
[0m11:42:58.518649 [info ] [MainThread]: dbt version: 1.11.2
[0m11:42:58.519884 [info ] [MainThread]: python version: 3.12.12
[0m11:42:58.521061 [info ] [MainThread]: python path: /usr/bin/python3
[0m11:42:58.521842 [info ] [MainThread]: os info: Linux-6.6.105+-x86_64-with-glibc2.35
[0m11:42:58.719759 [info ] [MainThread]: Using profiles dir at .
[0m11:42:58.720889 [info ] [MainThread]: Using profiles.yml file at ./profiles.yml
[0m11:42:58.721728 [info ] [MainThread]: Using dbt_project.yml file at /content/drive/MyDrive/LPE/Amerigo/25-26/CC/alt db/dbt_project/dbt_project.yml
[0m11:42:58.724148 [info ] [MainThread]: adapter type: duckdb
[0m11:42:58.724893 [info ] [MainThread]: adapter version: 1.10.0
[0m11:42:58.941430 [info ] [MainThread]: Configuration:
[0m11:42:58.942465 [info ] [MainThread]:   profiles.yml file [[32mOK found and valid[0m]
[0m11:42:58.943245 [info ] [MainThread]:   dbt_project.yml file [[32mOK found and valid[0m]
[0m11:42:58.943911 [info ] [MainThread]: Required dependencies:
[0m11:42:58.944597 [debug] [MainThread]: Executing "git --help"
[0m11:42:58.993891 [debug] [MainThread]: STDOUT: "b"usage: git [--version] [--help] [-C <path>] [-c <name>=<value>]\n           [--exec-path[=<path>]] [--html-path] [--man-path] [--info-path]\n           [-p | --paginate | -P | --no-pager] [--no-replace-objects] [--bare]\n           [--git-dir=<path>] [--work-tree=<path>] [--namespace=<name>]\n           [--super-prefix=<path>] [--config-env=<name>=<envvar>]\n           <command> [<args>]\n\nThese are common Git commands used in various situations:\n\nstart a working area (see also: git help tutorial)\n   clone     Clone a repository into a new directory\n   init      Create an empty Git repository or reinitialize an existing one\n\nwork on the current change (see also: git help everyday)\n   add       Add file contents to the index\n   mv        Move or rename a file, a directory, or a symlink\n   restore   Restore working tree files\n   rm        Remove files from the working tree and from the index\n\nexamine the history and state (see also: git help revisions)\n   bisect    Use binary search to find the commit that introduced a bug\n   diff      Show changes between commits, commit and working tree, etc\n   grep      Print lines matching a pattern\n   log       Show commit logs\n   show      Show various types of objects\n   status    Show the working tree status\n\ngrow, mark and tweak your common history\n   branch    List, create, or delete branches\n   commit    Record changes to the repository\n   merge     Join two or more development histories together\n   rebase    Reapply commits on top of another base tip\n   reset     Reset current HEAD to the specified state\n   switch    Switch branches\n   tag       Create, list, delete or verify a tag object signed with GPG\n\ncollaborate (see also: git help workflows)\n   fetch     Download objects and refs from another repository\n   pull      Fetch from and integrate with another repository or a local branch\n   push      Update remote refs along with associated objects\n\n'git help -a' and 'git help -g' list available subcommands and some\nconcept guides. See 'git help <command>' or 'git help <concept>'\nto read about a specific subcommand or concept.\nSee 'git help git' for an overview of the system.\n""
[0m11:42:58.995743 [debug] [MainThread]: STDERR: "b''"
[0m11:42:58.996801 [info ] [MainThread]:  - git [[32mOK found[0m]

[0m11:42:58.997658 [info ] [MainThread]: Connection:
[0m11:42:58.998455 [info ] [MainThread]:   database: school_analytics
[0m11:42:58.999174 [info ] [MainThread]:   schema: main
[0m11:42:58.999832 [info ] [MainThread]:   path: ../school_analytics.duckdb
[0m11:42:59.000461 [info ] [MainThread]:   config_options: None
[0m11:42:59.001152 [info ] [MainThread]:   extensions: None
[0m11:42:59.001800 [info ] [MainThread]:   settings: {}
[0m11:42:59.002413 [info ] [MainThread]:   external_root: .
[0m11:42:59.003045 [info ] [MainThread]:   use_credential_provider: None
[0m11:42:59.003658 [info ] [MainThread]:   attach: None
[0m11:42:59.004305 [info ] [MainThread]:   filesystems: None
[0m11:42:59.004888 [info ] [MainThread]:   remote: None
[0m11:42:59.005476 [info ] [MainThread]:   plugins: None
[0m11:42:59.006082 [info ] [MainThread]:   disable_transactions: False
[0m11:42:59.006967 [info ] [MainThread]: Registered adapter: duckdb=1.10.0
[0m11:42:59.137850 [debug] [MainThread]: Acquiring new duckdb connection 'debug'
[0m11:42:59.226689 [debug] [MainThread]: Using duckdb connection "debug"
[0m11:42:59.228195 [debug] [MainThread]: On debug: select 1 as id
[0m11:42:59.229727 [debug] [MainThread]: Opening a new connection, currently in state init
[0m11:42:59.276127 [debug] [MainThread]: SQL status: OK in 0.046 seconds
[0m11:42:59.278046 [debug] [MainThread]: On debug: Close
[0m11:42:59.279175 [info ] [MainThread]:   Connection test: [[32mOK connection ok[0m]

[0m11:42:59.279966 [info ] [MainThread]: [32mAll checks passed![0m
[0m11:42:59.285264 [debug] [MainThread]: Resource report: {"command_name": "debug", "command_success": true, "command_wall_clock_time": 0.9870184, "process_in_blocks": "2752", "process_kernel_time": 0.320474, "process_mem_max_rss": "165096", "process_out_blocks": "680", "process_user_time": 4.653714}
[0m11:42:59.286375 [debug] [MainThread]: Command `dbt debug` succeeded at 11:42:59.286166 after 0.99 seconds
[0m11:42:59.287132 [debug] [MainThread]: Connection 'debug' was properly closed.
[0m11:42:59.288187 [debug] [MainThread]: Sending event: {'category': 'dbt', 'action': 'invocation', 'label': 'end', 'context': [<snowplow_tracker.self_describing_json.SelfDescribingJson object at 0x7edcf722b1d0>, <snowplow_tracker.self_describing_json.SelfDescribingJson object at 0x7edcf29a95e0>, <snowplow_tracker.self_describing_json.SelfDescribingJson object at 0x7edcf29aa480>]}
[0m11:42:59.289316 [debug] [MainThread]: Flushing usage events
[0m11:42:59.568687 [debug] [MainThread]: An error was encountered while trying to flush usage events
[0m11:43:08.353399 [debug] [MainThread]: Sending event: {'category': 'dbt', 'action': 'invocation', 'label': 'start', 'context': [<snowplow_tracker.self_describing_json.SelfDescribingJson object at 0x7c2d29a22d80>, <snowplow_tracker.self_describing_json.SelfDescribingJson object at 0x7c2d28ed1610>, <snowplow_tracker.self_describing_json.SelfDescribingJson object at 0x7c2d28ed0050>]}


============================== 11:43:08.359751 | 3645479a-8500-4529-8abd-65a3e34702b3 ==============================
[0m11:43:08.359751 [info ] [MainThread]: Running with dbt=1.11.2
[0m11:43:08.360951 [debug] [MainThread]: running dbt with arguments {'target_path': 'None', 'empty': 'False', 'warn_error_options': 'WarnErrorOptionsV2(error=[], warn=[], silence=[])', 'log_path': '/content/drive/MyDrive/LPE/Amerigo/25-26/CC/alt db/dbt_project/logs', 'version_check': 'True', 'indirect_selection': 'eager', 'cache_selected_only': 'False', 'no_print': 'None', 'send_anonymous_usage_stats': 'True', 'use_colors': 'True', 'log_format': 'default', 'partial_parse': 'True', 'quiet': 'False', 'profiles_dir': '.', 'fail_fast': 'False', 'use_experimental_parser': 'False', 'invocation_command': 'dbt run --profiles-dir .', 'warn_error': 'None', 'static_parser': 'True', 'write_json': 'True', 'introspect': 'True', 'log_cache_events': 'False', 'printer_width': '80', 'debug': 'False'}
[0m11:43:09.002907 [debug] [MainThread]: Sending event: {'category': 'dbt', 'action': 'project_id', 'label': '3645479a-8500-4529-8abd-65a3e34702b3', 'context': [<snowplow_tracker.self_describing_json.SelfDescribingJson object at 0x7c2d28ed13a0>]}
[0m11:43:09.145216 [debug] [MainThread]: Sending event: {'category': 'dbt', 'action': 'adapter_info', 'label': '3645479a-8500-4529-8abd-65a3e34702b3', 'context': [<snowplow_tracker.self_describing_json.SelfDescribingJson object at 0x7c2d24757e60>]}
[0m11:43:09.148297 [info ] [MainThread]: Registered adapter: duckdb=1.10.0
[0m11:43:09.283221 [debug] [MainThread]: checksum: 3d40d8bbe1bef07db1c24822f2dbfff8bc07f2a48ed4fe2658a40653aec0b54b, vars: {}, profile: , target: , version: 1.11.2
[0m11:43:09.288907 [info ] [MainThread]: Unable to do partial parsing because saved manifest not found. Starting full parse.
[0m11:43:09.289943 [debug] [MainThread]: Sending event: {'category': 'dbt', 'action': 'partial_parser', 'label': '3645479a-8500-4529-8abd-65a3e34702b3', 'context': [<snowplow_tracker.self_describing_json.SelfDescribingJson object at 0x7c2d2973ba40>]}
[0m11:43:11.701361 [warn ] [MainThread]: [[33mWARNING[0m][MissingArgumentsPropertyInGenericTestDeprecation]: Deprecated
functionality
Found top-level arguments to test `accepted_values` defined on
'mart_student_accountability' in package 'stride_accountability'
(models/marts/_marts.yml). Arguments to generic tests should be nested under the
`arguments` property.
[0m11:43:11.702554 [debug] [MainThread]: Sending event: {'category': 'dbt', 'action': 'deprecation', 'label': '3645479a-8500-4529-8abd-65a3e34702b3', 'property_': 'warn', 'context': [<snowplow_tracker.self_describing_json.SelfDescribingJson object at 0x7c2d23c89cd0>]}
[0m11:43:11.955711 [debug] [MainThread]: Sending event: {'category': 'dbt', 'action': 'load_project', 'label': '3645479a-8500-4529-8abd-65a3e34702b3', 'context': [<snowplow_tracker.self_describing_json.SelfDescribingJson object at 0x7c2d2a4c99a0>]}
[0m11:43:12.095024 [debug] [MainThread]: Wrote artifact WritableManifest to /content/drive/MyDrive/LPE/Amerigo/25-26/CC/alt db/dbt_project/target/manifest.json
[0m11:43:12.105125 [debug] [MainThread]: Wrote artifact SemanticManifest to /content/drive/MyDrive/LPE/Amerigo/25-26/CC/alt db/dbt_project/target/semantic_manifest.json
[0m11:43:12.147408 [debug] [MainThread]: Sending event: {'category': 'dbt', 'action': 'resource_counts', 'label': '3645479a-8500-4529-8abd-65a3e34702b3', 'context': [<snowplow_tracker.self_describing_json.SelfDescribingJson object at 0x7c2d23a8a810>]}
[0m11:43:12.148596 [info ] [MainThread]: Found 11 models, 23 data tests, 10 sources, 471 macros
[0m11:43:12.149969 [debug] [MainThread]: Sending event: {'category': 'dbt', 'action': 'runnable_timing', 'label': '3645479a-8500-4529-8abd-65a3e34702b3', 'context': [<snowplow_tracker.self_describing_json.SelfDescribingJson object at 0x7c2d23a7cb60>]}
[0m11:43:12.154416 [info ] [MainThread]: 
[0m11:43:12.155273 [info ] [MainThread]: Concurrency: 4 threads (target='dev')
[0m11:43:12.155984 [info ] [MainThread]: 
[0m11:43:12.156964 [debug] [MainThread]: Acquiring new duckdb connection 'master'
[0m11:43:12.165165 [debug] [ThreadPool]: Acquiring new duckdb connection 'list_school_analytics'
[0m11:43:12.213448 [debug] [ThreadPool]: Using duckdb connection "list_school_analytics"
[0m11:43:12.214517 [debug] [ThreadPool]: On list_school_analytics: /* {"app": "dbt", "dbt_version": "1.11.2", "profile_name": "stride_accountability", "target_name": "dev", "connection_name": "list_school_analytics"} */

    
    select schema_name
    from system.information_schema.schemata
    
    where lower(catalog_name) = '"school_analytics"'
    
  
  
[0m11:43:12.215581 [debug] [ThreadPool]: Opening a new connection, currently in state init
[0m11:43:12.257231 [debug] [ThreadPool]: SQL status: OK in 0.042 seconds
[0m11:43:12.260060 [debug] [ThreadPool]: On list_school_analytics: Close
[0m11:43:12.261625 [debug] [ThreadPool]: Re-using an available connection from the pool (formerly list_school_analytics, now create_school_analytics_main)
[0m11:43:12.262614 [debug] [ThreadPool]: Creating schema "database: "school_analytics"
schema: "main"
"
[0m11:43:12.272733 [debug] [ThreadPool]: Using duckdb connection "create_school_analytics_main"
[0m11:43:12.273678 [debug] [ThreadPool]: On create_school_analytics_main: /* {"app": "dbt", "dbt_version": "1.11.2", "profile_name": "stride_accountability", "target_name": "dev", "connection_name": "create_school_analytics_main"} */

    
        select type from duckdb_databases()
        where lower(database_name)='school_analytics'
        and type='sqlite'
    
  
[0m11:43:12.274491 [debug] [ThreadPool]: Opening a new connection, currently in state closed
[0m11:43:12.276467 [debug] [ThreadPool]: SQL status: OK in 0.002 seconds
[0m11:43:12.278632 [debug] [ThreadPool]: Using duckdb connection "create_school_analytics_main"
[0m11:43:12.279397 [debug] [ThreadPool]: On create_school_analytics_main: BEGIN
[0m11:43:12.280422 [debug] [ThreadPool]: SQL status: OK in 0.000 seconds
[0m11:43:12.281082 [debug] [ThreadPool]: Using duckdb connection "create_school_analytics_main"
[0m11:43:12.281707 [debug] [ThreadPool]: On create_school_analytics_main: /* {"app": "dbt", "dbt_version": "1.11.2", "profile_name": "stride_accountability", "target_name": "dev", "connection_name": "create_school_analytics_main"} */

    
    
        create schema if not exists "school_analytics"."main"
    
[0m11:43:12.283017 [debug] [ThreadPool]: SQL status: OK in 0.001 seconds
[0m11:43:12.284457 [debug] [ThreadPool]: On create_school_analytics_main: COMMIT
[0m11:43:12.285117 [debug] [ThreadPool]: Using duckdb connection "create_school_analytics_main"
[0m11:43:12.285700 [debug] [ThreadPool]: On create_school_analytics_main: COMMIT
[0m11:43:12.286655 [debug] [ThreadPool]: SQL status: OK in 0.000 seconds
[0m11:43:12.287399 [debug] [ThreadPool]: On create_school_analytics_main: Close
[0m11:43:12.290360 [debug] [ThreadPool]: Re-using an available connection from the pool (formerly create_school_analytics_main, now list_school_analytics_main)
[0m11:43:12.298820 [debug] [ThreadPool]: Using duckdb connection "list_school_analytics_main"
[0m11:43:12.299708 [debug] [ThreadPool]: On list_school_analytics_main: BEGIN
[0m11:43:12.300450 [debug] [ThreadPool]: Opening a new connection, currently in state closed
[0m11:43:12.301810 [debug] [ThreadPool]: SQL status: OK in 0.001 seconds
[0m11:43:12.302495 [debug] [ThreadPool]: Using duckdb connection "list_school_analytics_main"
[0m11:43:12.303153 [debug] [ThreadPool]: On list_school_analytics_main: /* {"app": "dbt", "dbt_version": "1.11.2", "profile_name": "stride_accountability", "target_name": "dev", "connection_name": "list_school_analytics_main"} */
select
      'school_analytics' as database,
      table_name as name,
      table_schema as schema,
      CASE table_type
        WHEN 'BASE TABLE' THEN 'table'
        WHEN 'VIEW' THEN 'view'
        WHEN 'LOCAL TEMPORARY' THEN 'table'
        END as type
    from system.information_schema.tables
    where lower(table_schema) = 'main'
    and lower(table_catalog) = 'school_analytics'
  
[0m11:43:12.322067 [debug] [ThreadPool]: SQL status: OK in 0.018 seconds
[0m11:43:12.324838 [debug] [ThreadPool]: On list_school_analytics_main: ROLLBACK
[0m11:43:12.326826 [debug] [ThreadPool]: Failed to rollback 'list_school_analytics_main'
[0m11:43:12.327613 [debug] [ThreadPool]: On list_school_analytics_main: Close
[0m11:43:12.331455 [debug] [MainThread]: Sending event: {'category': 'dbt', 'action': 'runnable_timing', 'label': '3645479a-8500-4529-8abd-65a3e34702b3', 'context': [<snowplow_tracker.self_describing_json.SelfDescribingJson object at 0x7c2d2b39bcb0>]}
[0m11:43:12.332397 [debug] [MainThread]: Using duckdb connection "master"
[0m11:43:12.333095 [debug] [MainThread]: On master: BEGIN
[0m11:43:12.333699 [debug] [MainThread]: Opening a new connection, currently in state init
[0m11:43:12.334931 [debug] [MainThread]: SQL status: OK in 0.001 seconds
[0m11:43:12.335588 [debug] [MainThread]: On master: COMMIT
[0m11:43:12.336229 [debug] [MainThread]: Using duckdb connection "master"
[0m11:43:12.336825 [debug] [MainThread]: On master: COMMIT
[0m11:43:12.337763 [debug] [MainThread]: SQL status: OK in 0.000 seconds
[0m11:43:12.338463 [debug] [MainThread]: On master: Close
[0m11:43:12.342540 [debug] [Thread-1 (]: Began running node model.stride_accountability.stg_assignments
[0m11:43:12.343261 [debug] [Thread-2 (]: Began running node model.stride_accountability.stg_attendance_daily
[0m11:43:12.343877 [debug] [Thread-3 (]: Began running node model.stride_accountability.stg_attendance_quarter
[0m11:43:12.344446 [debug] [Thread-4 (]: Began running node model.stride_accountability.stg_grades
[0m11:43:12.345366 [info ] [Thread-1 (]: 1 of 11 START sql view model main.stg_assignments .............................. [RUN]
[0m11:43:12.346416 [info ] [Thread-2 (]: 2 of 11 START sql view model main.stg_attendance_daily ......................... [RUN]
[0m11:43:12.347454 [info ] [Thread-3 (]: 3 of 11 START sql view model main.stg_attendance_quarter ....................... [RUN]
[0m11:43:12.348415 [info ] [Thread-4 (]: 4 of 11 START sql view model main.stg_grades ................................... [RUN]
[0m11:43:12.349439 [debug] [Thread-1 (]: Re-using an available connection from the pool (formerly list_school_analytics_main, now model.stride_accountability.stg_assignments)
[0m11:43:12.350441 [debug] [Thread-2 (]: Acquiring new duckdb connection 'model.stride_accountability.stg_attendance_daily'
[0m11:43:12.351379 [debug] [Thread-3 (]: Acquiring new duckdb connection 'model.stride_accountability.stg_attendance_quarter'
[0m11:43:12.352296 [debug] [Thread-4 (]: Acquiring new duckdb connection 'model.stride_accountability.stg_grades'
[0m11:43:12.353064 [debug] [Thread-1 (]: Began compiling node model.stride_accountability.stg_assignments
[0m11:43:12.353827 [debug] [Thread-2 (]: Began compiling node model.stride_accountability.stg_attendance_daily
[0m11:43:12.354544 [debug] [Thread-3 (]: Began compiling node model.stride_accountability.stg_attendance_quarter
[0m11:43:12.355300 [debug] [Thread-4 (]: Began compiling node model.stride_accountability.stg_grades
[0m11:43:12.373613 [debug] [Thread-1 (]: Writing injected SQL for node "model.stride_accountability.stg_assignments"
[0m11:43:12.374829 [debug] [Thread-2 (]: Writing injected SQL for node "model.stride_accountability.stg_attendance_daily"
[0m11:43:12.381668 [debug] [Thread-3 (]: Writing injected SQL for node "model.stride_accountability.stg_attendance_quarter"
[0m11:43:12.386472 [debug] [Thread-4 (]: Writing injected SQL for node "model.stride_accountability.stg_grades"
[0m11:43:12.415484 [debug] [Thread-1 (]: Began executing node model.stride_accountability.stg_assignments
[0m11:43:12.458068 [debug] [Thread-2 (]: Began executing node model.stride_accountability.stg_attendance_daily
[0m11:43:12.494093 [debug] [Thread-2 (]: Writing runtime sql for node "model.stride_accountability.stg_attendance_daily"
[0m11:43:12.496322 [debug] [Thread-1 (]: Writing runtime sql for node "model.stride_accountability.stg_assignments"
[0m11:43:12.497293 [debug] [Thread-3 (]: Began executing node model.stride_accountability.stg_attendance_quarter
[0m11:43:12.504665 [debug] [Thread-3 (]: Writing runtime sql for node "model.stride_accountability.stg_attendance_quarter"
[0m11:43:12.506032 [debug] [Thread-4 (]: Began executing node model.stride_accountability.stg_grades
[0m11:43:12.512530 [debug] [Thread-4 (]: Writing runtime sql for node "model.stride_accountability.stg_grades"
[0m11:43:12.538074 [debug] [Thread-2 (]: Using duckdb connection "model.stride_accountability.stg_attendance_daily"
[0m11:43:12.542185 [debug] [Thread-2 (]: On model.stride_accountability.stg_attendance_daily: BEGIN
[0m11:43:12.545318 [debug] [Thread-2 (]: Opening a new connection, currently in state init
[0m11:43:12.548294 [debug] [Thread-1 (]: Using duckdb connection "model.stride_accountability.stg_assignments"
[0m11:43:12.553878 [debug] [Thread-2 (]: SQL status: OK in 0.009 seconds
[0m11:43:12.561631 [debug] [Thread-2 (]: Using duckdb connection "model.stride_accountability.stg_attendance_daily"
[0m11:43:12.559084 [debug] [Thread-3 (]: Using duckdb connection "model.stride_accountability.stg_attendance_quarter"
[0m11:43:12.565393 [debug] [Thread-3 (]: On model.stride_accountability.stg_attendance_quarter: BEGIN
[0m11:43:12.566473 [debug] [Thread-3 (]: Opening a new connection, currently in state init
[0m11:43:12.569555 [debug] [Thread-3 (]: SQL status: OK in 0.003 seconds
[0m11:43:12.563566 [debug] [Thread-2 (]: On model.stride_accountability.stg_attendance_daily: /* {"app": "dbt", "dbt_version": "1.11.2", "profile_name": "stride_accountability", "target_name": "dev", "node_id": "model.stride_accountability.stg_attendance_daily"} */

  
  create view "school_analytics"."main"."stg_attendance_daily__dbt_tmp" as (
    

WITH source AS (
    SELECT 
        d.*,
        t.school_year
    FROM "school_analytics"."main"."fct_attendance_daily" d
    JOIN "school_analytics"."main"."dim_terms" t ON d.term_key = t.term_key
)

SELECT
    att_daily_key,
    student_key,
    term_key,
    school_year,
    date,
    day_of_week,
    cycle_day,
    -- Period codes
    period_0820,
    period_0905,
    homeroom,
    period_1005,
    period_1050,
    period_1135,
    period_1220,
    period_0105,
    period_0150,
    -- Behavior flags
    CASE WHEN period_0820 = 'ISS' OR period_0905 = 'ISS' OR homeroom = 'ISS' 
         OR period_1005 = 'ISS' OR period_1050 = 'ISS' OR period_1135 = 'ISS'
         OR period_1220 = 'ISS' OR period_0105 = 'ISS' OR period_0150 = 'ISS' 
         THEN 1 ELSE 0 END AS has_iss,
    CASE WHEN period_0820 = 'OSS' OR period_0905 = 'OSS' OR homeroom = 'OSS'
         OR period_1005 = 'OSS' OR period_1050 = 'OSS' OR period_1135 = 'OSS'
         OR period_1220 = 'OSS' OR period_0105 = 'OSS' OR period_0150 = 'OSS'
         THEN 1 ELSE 0 END AS has_oss,
    CASE WHEN period_0820 = 'Cut' OR period_0905 = 'Cut' OR homeroom = 'Cut'
         OR period_1005 = 'Cut' OR period_1050 = 'Cut' OR period_1135 = 'Cut'
         OR period_1220 = 'Cut' OR period_0105 = 'Cut' OR period_0150 = 'Cut'
         THEN 1 ELSE 0 END AS has_cut,
    CASE WHEN period_0820 = 'TRU' OR period_0905 = 'TRU' OR homeroom = 'TRU'
         OR period_1005 = 'TRU' OR period_1050 = 'TRU' OR period_1135 = 'TRU'
         OR period_1220 = 'TRU' OR period_0105 = 'TRU' OR period_0150 = 'TRU'
         THEN 1 ELSE 0 END AS has_tru
FROM source
  );

[0m11:43:12.567681 [debug] [Thread-4 (]: Using duckdb connection "model.stride_accountability.stg_grades"
[0m11:43:12.572708 [debug] [Thread-4 (]: On model.stride_accountability.stg_grades: BEGIN
[0m11:43:12.573727 [debug] [Thread-4 (]: Opening a new connection, currently in state init
[0m11:43:12.556580 [debug] [Thread-1 (]: On model.stride_accountability.stg_assignments: BEGIN
[0m11:43:12.570714 [debug] [Thread-3 (]: Using duckdb connection "model.stride_accountability.stg_attendance_quarter"
[0m11:43:12.574523 [debug] [Thread-2 (]: SQL status: OK in 0.003 seconds
[0m11:43:12.575564 [debug] [Thread-1 (]: Opening a new connection, currently in state closed
[0m11:43:12.576342 [debug] [Thread-4 (]: SQL status: OK in 0.003 seconds
[0m11:43:12.577006 [debug] [Thread-3 (]: On model.stride_accountability.stg_attendance_quarter: /* {"app": "dbt", "dbt_version": "1.11.2", "profile_name": "stride_accountability", "target_name": "dev", "node_id": "model.stride_accountability.stg_attendance_quarter"} */

  
  create view "school_analytics"."main"."stg_attendance_quarter__dbt_tmp" as (
    

WITH source AS (
    SELECT 
        q.*,
        t.school_year
    FROM "school_analytics"."main"."fct_attendance_quarter" q
    JOIN "school_analytics"."main"."dim_terms" t ON q.term_key = t.term_key
)

SELECT
    att_quarter_key,
    student_key,
    term_key,
    school_year,
    quarter,
    instructional_days,
    present_days,
    total_absent,
    total_tardy,
    instructional_days - present_days AS absent_days,
    CASE 
        WHEN instructional_days > 0 
        THEN ROUND((instructional_days - present_days) / instructional_days * 100, 2)
        ELSE 0 
    END AS absence_rate
FROM source
  );

[0m11:43:12.587219 [debug] [Thread-2 (]: Using duckdb connection "model.stride_accountability.stg_attendance_daily"
[0m11:43:12.590724 [debug] [Thread-2 (]: On model.stride_accountability.stg_attendance_daily: /* {"app": "dbt", "dbt_version": "1.11.2", "profile_name": "stride_accountability", "target_name": "dev", "node_id": "model.stride_accountability.stg_attendance_daily"} */
alter view "school_analytics"."main"."stg_attendance_daily__dbt_tmp" rename to "stg_attendance_daily"
[0m11:43:12.589465 [debug] [Thread-1 (]: SQL status: OK in 0.014 seconds
[0m11:43:12.588641 [debug] [Thread-4 (]: Using duckdb connection "model.stride_accountability.stg_grades"
[0m11:43:12.592092 [debug] [Thread-1 (]: Using duckdb connection "model.stride_accountability.stg_assignments"
[0m11:43:12.593094 [debug] [Thread-2 (]: SQL status: OK in 0.001 seconds
[0m11:43:12.593957 [debug] [Thread-4 (]: On model.stride_accountability.stg_grades: /* {"app": "dbt", "dbt_version": "1.11.2", "profile_name": "stride_accountability", "target_name": "dev", "node_id": "model.stride_accountability.stg_grades"} */

  
  create view "school_analytics"."main"."stg_grades__dbt_tmp" as (
    

WITH source AS (
    SELECT 
        g.*,
        t.school_year
    FROM "school_analytics"."main"."fct_grades" g
    JOIN "school_analytics"."main"."dim_terms" t ON g.term_key = t.term_key
)

SELECT
    grade_key,
    student_key,
    course_key,
    term_key,
    school_year,
    teacher,
    q1_score,
    q2_score,
    q3_score,
    q4_score,
    final_score,
    CASE WHEN final_score >= 75 THEN 1 ELSE 0 END AS is_passing,
    CASE WHEN final_score < 75 THEN 1 ELSE 0 END AS is_failing
FROM source
  );

[0m11:43:12.594749 [debug] [Thread-3 (]: SQL status: OK in 0.004 seconds
[0m11:43:12.595460 [debug] [Thread-1 (]: On model.stride_accountability.stg_assignments: /* {"app": "dbt", "dbt_version": "1.11.2", "profile_name": "stride_accountability", "target_name": "dev", "node_id": "model.stride_accountability.stg_assignments"} */

  
  create view "school_analytics"."main"."stg_assignments__dbt_tmp" as (
    

WITH source AS (
    SELECT 
        a.*,
        t.school_year
    FROM "school_analytics"."main"."fct_assignments" a
    JOIN "school_analytics"."main"."dim_terms" t ON a.term_key = t.term_key
)

SELECT
    assignment_key,
    student_key,
    course_key,
    term_key,
    school_year,
    quarter,
    category,
    assignment_name,
    due_date,
    points_earned,
    points_possible,
    is_missing,
    is_late,
    CASE 
        WHEN points_possible > 0 
        THEN ROUND(points_earned / points_possible * 100, 2)
        ELSE NULL 
    END AS score_pct
FROM source
  );

[0m11:43:12.613112 [debug] [Thread-2 (]: On model.stride_accountability.stg_attendance_daily: COMMIT
[0m11:43:12.620846 [debug] [Thread-2 (]: Using duckdb connection "model.stride_accountability.stg_attendance_daily"
[0m11:43:12.619256 [debug] [Thread-3 (]: Using duckdb connection "model.stride_accountability.stg_attendance_quarter"
[0m11:43:12.614086 [debug] [Thread-4 (]: SQL status: OK in 0.007 seconds
[0m11:43:12.621822 [debug] [Thread-2 (]: On model.stride_accountability.stg_attendance_daily: COMMIT
[0m11:43:12.622605 [debug] [Thread-1 (]: SQL status: OK in 0.002 seconds
[0m11:43:12.623254 [debug] [Thread-3 (]: On model.stride_accountability.stg_attendance_quarter: /* {"app": "dbt", "dbt_version": "1.11.2", "profile_name": "stride_accountability", "target_name": "dev", "node_id": "model.stride_accountability.stg_attendance_quarter"} */
alter view "school_analytics"."main"."stg_attendance_quarter__dbt_tmp" rename to "stg_attendance_quarter"
[0m11:43:12.628761 [debug] [Thread-4 (]: Using duckdb connection "model.stride_accountability.stg_grades"
[0m11:43:12.638689 [debug] [Thread-1 (]: Using duckdb connection "model.stride_accountability.stg_assignments"
[0m11:43:12.640288 [debug] [Thread-4 (]: On model.stride_accountability.stg_grades: /* {"app": "dbt", "dbt_version": "1.11.2", "profile_name": "stride_accountability", "target_name": "dev", "node_id": "model.stride_accountability.stg_grades"} */
alter view "school_analytics"."main"."stg_grades__dbt_tmp" rename to "stg_grades"
[0m11:43:12.641333 [debug] [Thread-3 (]: SQL status: OK in 0.002 seconds
[0m11:43:12.641999 [debug] [Thread-2 (]: SQL status: OK in 0.012 seconds
[0m11:43:12.642650 [debug] [Thread-1 (]: On model.stride_accountability.stg_assignments: /* {"app": "dbt", "dbt_version": "1.11.2", "profile_name": "stride_accountability", "target_name": "dev", "node_id": "model.stride_accountability.stg_assignments"} */
alter view "school_analytics"."main"."stg_assignments__dbt_tmp" rename to "stg_assignments"
[0m11:43:12.645497 [debug] [Thread-3 (]: On model.stride_accountability.stg_attendance_quarter: COMMIT
[0m11:43:12.646275 [debug] [Thread-4 (]: SQL status: OK in 0.003 seconds
[0m11:43:12.655333 [debug] [Thread-2 (]: Using duckdb connection "model.stride_accountability.stg_attendance_daily"
[0m11:43:12.656855 [debug] [Thread-1 (]: SQL status: OK in 0.001 seconds
[0m11:43:12.657715 [debug] [Thread-3 (]: Using duckdb connection "model.stride_accountability.stg_attendance_quarter"
[0m11:43:12.660151 [debug] [Thread-4 (]: On model.stride_accountability.stg_grades: COMMIT
[0m11:43:12.661013 [debug] [Thread-2 (]: On model.stride_accountability.stg_attendance_daily: /* {"app": "dbt", "dbt_version": "1.11.2", "profile_name": "stride_accountability", "target_name": "dev", "node_id": "model.stride_accountability.stg_attendance_daily"} */

      drop view if exists "school_analytics"."main"."stg_attendance_daily__dbt_backup" cascade
    
[0m11:43:12.663367 [debug] [Thread-1 (]: On model.stride_accountability.stg_assignments: COMMIT
[0m11:43:12.664225 [debug] [Thread-3 (]: On model.stride_accountability.stg_attendance_quarter: COMMIT
[0m11:43:12.665046 [debug] [Thread-4 (]: Using duckdb connection "model.stride_accountability.stg_grades"
[0m11:43:12.666234 [debug] [Thread-1 (]: Using duckdb connection "model.stride_accountability.stg_assignments"
[0m11:43:12.667129 [debug] [Thread-2 (]: SQL status: OK in 0.001 seconds
[0m11:43:12.668131 [debug] [Thread-4 (]: On model.stride_accountability.stg_grades: COMMIT
[0m11:43:12.668945 [debug] [Thread-1 (]: On model.stride_accountability.stg_assignments: COMMIT
[0m11:43:12.672683 [debug] [Thread-2 (]: On model.stride_accountability.stg_attendance_daily: Close
[0m11:43:12.675360 [debug] [Thread-4 (]: SQL status: OK in 0.001 seconds
[0m11:43:12.673511 [debug] [Thread-3 (]: SQL status: OK in 0.006 seconds
[0m11:43:12.678794 [debug] [Thread-1 (]: SQL status: OK in 0.004 seconds
[0m11:43:12.683116 [debug] [Thread-4 (]: Using duckdb connection "model.stride_accountability.stg_grades"
[0m11:43:12.684089 [debug] [Thread-2 (]: Sending event: {'category': 'dbt', 'action': 'run_model', 'label': '3645479a-8500-4529-8abd-65a3e34702b3', 'context': [<snowplow_tracker.self_describing_json.SelfDescribingJson object at 0x7c2d2b4cfef0>]}
[0m11:43:12.687940 [debug] [Thread-3 (]: Using duckdb connection "model.stride_accountability.stg_attendance_quarter"
[0m11:43:12.692220 [debug] [Thread-1 (]: Using duckdb connection "model.stride_accountability.stg_assignments"
[0m11:43:12.693212 [debug] [Thread-4 (]: On model.stride_accountability.stg_grades: /* {"app": "dbt", "dbt_version": "1.11.2", "profile_name": "stride_accountability", "target_name": "dev", "node_id": "model.stride_accountability.stg_grades"} */

      drop view if exists "school_analytics"."main"."stg_grades__dbt_backup" cascade
    
[0m11:43:12.694526 [info ] [Thread-2 (]: 2 of 11 OK created sql view model main.stg_attendance_daily .................... [[32mOK[0m in 0.33s]
[0m11:43:12.695505 [debug] [Thread-3 (]: On model.stride_accountability.stg_attendance_quarter: /* {"app": "dbt", "dbt_version": "1.11.2", "profile_name": "stride_accountability", "target_name": "dev", "node_id": "model.stride_accountability.stg_attendance_quarter"} */

      drop view if exists "school_analytics"."main"."stg_attendance_quarter__dbt_backup" cascade
    
[0m11:43:12.696335 [debug] [Thread-1 (]: On model.stride_accountability.stg_assignments: /* {"app": "dbt", "dbt_version": "1.11.2", "profile_name": "stride_accountability", "target_name": "dev", "node_id": "model.stride_accountability.stg_assignments"} */

      drop view if exists "school_analytics"."main"."stg_assignments__dbt_backup" cascade
    
[0m11:43:12.697925 [debug] [Thread-2 (]: Finished running node model.stride_accountability.stg_attendance_daily
[0m11:43:12.698695 [debug] [Thread-4 (]: SQL status: OK in 0.001 seconds
[0m11:43:12.699886 [debug] [Thread-3 (]: SQL status: OK in 0.000 seconds
[0m11:43:12.701044 [debug] [Thread-1 (]: SQL status: OK in 0.000 seconds
[0m11:43:12.701741 [debug] [Thread-2 (]: Began running node model.stride_accountability.stg_students
[0m11:43:12.704312 [debug] [Thread-4 (]: On model.stride_accountability.stg_grades: Close
[0m11:43:12.706500 [debug] [Thread-3 (]: On model.stride_accountability.stg_attendance_quarter: Close
[0m11:43:12.711208 [debug] [Thread-4 (]: Sending event: {'category': 'dbt', 'action': 'run_model', 'label': '3645479a-8500-4529-8abd-65a3e34702b3', 'context': [<snowplow_tracker.self_describing_json.SelfDescribingJson object at 0x7c2d20283ce0>]}
[0m11:43:12.709716 [info ] [Thread-2 (]: 5 of 11 START sql view model main.stg_students ................................. [RUN]
[0m11:43:12.708677 [debug] [Thread-1 (]: On model.stride_accountability.stg_assignments: Close
[0m11:43:12.712058 [debug] [Thread-3 (]: Sending event: {'category': 'dbt', 'action': 'run_model', 'label': '3645479a-8500-4529-8abd-65a3e34702b3', 'context': [<snowplow_tracker.self_describing_json.SelfDescribingJson object at 0x7c2d22edfef0>]}
[0m11:43:12.713196 [info ] [Thread-4 (]: 4 of 11 OK created sql view model main.stg_grades .............................. [[32mOK[0m in 0.36s]
[0m11:43:12.714171 [debug] [Thread-2 (]: Re-using an available connection from the pool (formerly model.stride_accountability.stg_attendance_daily, now model.stride_accountability.stg_students)
[0m11:43:12.715617 [info ] [Thread-3 (]: 3 of 11 OK created sql view model main.stg_attendance_quarter .................. [[32mOK[0m in 0.36s]
[0m11:43:12.716585 [debug] [Thread-1 (]: Sending event: {'category': 'dbt', 'action': 'run_model', 'label': '3645479a-8500-4529-8abd-65a3e34702b3', 'context': [<snowplow_tracker.self_describing_json.SelfDescribingJson object at 0x7c2d230eab10>]}
[0m11:43:12.718012 [debug] [Thread-4 (]: Finished running node model.stride_accountability.stg_grades
[0m11:43:12.718897 [debug] [Thread-2 (]: Began compiling node model.stride_accountability.stg_students
[0m11:43:12.719975 [debug] [Thread-3 (]: Finished running node model.stride_accountability.stg_attendance_quarter
[0m11:43:12.721161 [info ] [Thread-1 (]: 1 of 11 OK created sql view model main.stg_assignments ......................... [[32mOK[0m in 0.37s]
[0m11:43:12.722369 [debug] [Thread-4 (]: Began running node model.stride_accountability.int_student_behavior
[0m11:43:12.728895 [debug] [Thread-2 (]: Writing injected SQL for node "model.stride_accountability.stg_students"
[0m11:43:12.729848 [debug] [Thread-3 (]: Began running node model.stride_accountability.int_student_course_performance
[0m11:43:12.733453 [info ] [Thread-3 (]: 7 of 11 START sql table model main.int_student_course_performance .............. [RUN]
[0m11:43:12.731970 [info ] [Thread-4 (]: 6 of 11 START sql table model main.int_student_behavior ........................ [RUN]
[0m11:43:12.731008 [debug] [Thread-1 (]: Finished running node model.stride_accountability.stg_assignments
[0m11:43:12.734544 [debug] [Thread-3 (]: Re-using an available connection from the pool (formerly model.stride_accountability.stg_attendance_quarter, now model.stride_accountability.int_student_course_performance)
[0m11:43:12.737574 [debug] [Thread-3 (]: Began compiling node model.stride_accountability.int_student_course_performance
[0m11:43:12.736567 [debug] [Thread-1 (]: Began running node model.stride_accountability.int_student_attendance
[0m11:43:12.735719 [debug] [Thread-4 (]: Re-using an available connection from the pool (formerly model.stride_accountability.stg_grades, now model.stride_accountability.int_student_behavior)
[0m11:43:12.746242 [debug] [Thread-4 (]: Began compiling node model.stride_accountability.int_student_behavior
[0m11:43:12.745141 [info ] [Thread-1 (]: 8 of 11 START sql table model main.int_student_attendance ...................... [RUN]
[0m11:43:12.752316 [debug] [Thread-1 (]: Re-using an available connection from the pool (formerly model.stride_accountability.stg_assignments, now model.stride_accountability.int_student_attendance)
[0m11:43:12.751261 [debug] [Thread-4 (]: Writing injected SQL for node "model.stride_accountability.int_student_behavior"
[0m11:43:12.743846 [debug] [Thread-3 (]: Writing injected SQL for node "model.stride_accountability.int_student_course_performance"
[0m11:43:12.753314 [debug] [Thread-2 (]: Began executing node model.stride_accountability.stg_students
[0m11:43:12.754205 [debug] [Thread-1 (]: Began compiling node model.stride_accountability.int_student_attendance
[0m11:43:12.761098 [debug] [Thread-2 (]: Writing runtime sql for node "model.stride_accountability.stg_students"
[0m11:43:12.766253 [debug] [Thread-1 (]: Writing injected SQL for node "model.stride_accountability.int_student_attendance"
[0m11:43:12.783130 [debug] [Thread-2 (]: Using duckdb connection "model.stride_accountability.stg_students"
[0m11:43:12.785715 [debug] [Thread-2 (]: On model.stride_accountability.stg_students: BEGIN
[0m11:43:12.796627 [debug] [Thread-2 (]: Opening a new connection, currently in state closed
[0m11:43:12.787492 [debug] [Thread-3 (]: Began executing node model.stride_accountability.int_student_course_performance
[0m11:43:12.800205 [debug] [Thread-2 (]: SQL status: OK in 0.004 seconds
[0m11:43:12.802691 [debug] [Thread-4 (]: Began executing node model.stride_accountability.int_student_behavior
[0m11:43:12.816490 [debug] [Thread-2 (]: Using duckdb connection "model.stride_accountability.stg_students"
[0m11:43:12.817262 [debug] [Thread-1 (]: Began executing node model.stride_accountability.int_student_attendance
[0m11:43:12.848819 [debug] [Thread-3 (]: Writing runtime sql for node "model.stride_accountability.int_student_course_performance"
[0m11:43:12.855149 [debug] [Thread-2 (]: On model.stride_accountability.stg_students: /* {"app": "dbt", "dbt_version": "1.11.2", "profile_name": "stride_accountability", "target_name": "dev", "node_id": "model.stride_accountability.stg_students"} */

  
  create view "school_analytics"."main"."stg_students__dbt_tmp" as (
    

WITH source AS (
    SELECT * FROM "school_analytics"."main"."dim_students"
)

SELECT
    student_key,
    school_id,
    first_name,
    last_name,
    CASE 
        WHEN first_name = '' THEN last_name 
        ELSE first_name || ' ' || last_name 
    END AS full_name,
    pref_name,
    gender,
    country,
    first_intake,
    accepted_grade,
    program_type,
    esl_level,
    status
FROM source
  );

[0m11:43:12.858591 [debug] [Thread-4 (]: Writing runtime sql for node "model.stride_accountability.int_student_behavior"
[0m11:43:12.864455 [debug] [Thread-1 (]: Writing runtime sql for node "model.stride_accountability.int_student_attendance"
[0m11:43:12.867828 [debug] [Thread-2 (]: SQL status: OK in 0.002 seconds
[0m11:43:12.877232 [debug] [Thread-2 (]: Using duckdb connection "model.stride_accountability.stg_students"
[0m11:43:12.879049 [debug] [Thread-2 (]: On model.stride_accountability.stg_students: /* {"app": "dbt", "dbt_version": "1.11.2", "profile_name": "stride_accountability", "target_name": "dev", "node_id": "model.stride_accountability.stg_students"} */
alter view "school_analytics"."main"."stg_students__dbt_tmp" rename to "stg_students"
[0m11:43:12.883193 [debug] [Thread-3 (]: Using duckdb connection "model.stride_accountability.int_student_course_performance"
[0m11:43:12.888925 [debug] [Thread-2 (]: SQL status: OK in 0.001 seconds
[0m11:43:12.908230 [debug] [Thread-1 (]: Using duckdb connection "model.stride_accountability.int_student_attendance"
[0m11:43:12.909610 [debug] [Thread-3 (]: On model.stride_accountability.int_student_course_performance: BEGIN
[0m11:43:12.916763 [debug] [Thread-3 (]: Opening a new connection, currently in state closed
[0m11:43:12.919386 [debug] [Thread-3 (]: SQL status: OK in 0.003 seconds
[0m11:43:12.914703 [debug] [Thread-2 (]: On model.stride_accountability.stg_students: COMMIT
[0m11:43:12.918003 [debug] [Thread-4 (]: Using duckdb connection "model.stride_accountability.int_student_behavior"
[0m11:43:12.915818 [debug] [Thread-1 (]: On model.stride_accountability.int_student_attendance: BEGIN
[0m11:43:12.920634 [debug] [Thread-3 (]: Using duckdb connection "model.stride_accountability.int_student_course_performance"
[0m11:43:12.922112 [debug] [Thread-2 (]: Using duckdb connection "model.stride_accountability.stg_students"
[0m11:43:12.922972 [debug] [Thread-4 (]: On model.stride_accountability.int_student_behavior: BEGIN
[0m11:43:12.923736 [debug] [Thread-1 (]: Opening a new connection, currently in state closed
[0m11:43:12.924586 [debug] [Thread-3 (]: On model.stride_accountability.int_student_course_performance: /* {"app": "dbt", "dbt_version": "1.11.2", "profile_name": "stride_accountability", "target_name": "dev", "node_id": "model.stride_accountability.int_student_course_performance"} */

  
    
    

    create  table
      "school_analytics"."main"."int_student_course_performance__dbt_tmp"
  
    as (
      

WITH course_summary AS (
    SELECT
        student_key,
        school_year,
        COUNT(*) AS courses_taken,
        SUM(is_passing) AS courses_passed,
        SUM(is_failing) AS courses_failed,
        ROUND(AVG(final_score), 2) AS avg_final_score
    FROM "school_analytics"."main"."stg_grades"
    WHERE final_score IS NOT NULL
    GROUP BY student_key, school_year
)

SELECT
    student_key,
    school_year,
    courses_taken,
    courses_passed,
    courses_failed,
    CASE 
        WHEN courses_taken > 0 
        THEN ROUND(courses_passed * 100.0 / courses_taken, 2)
        ELSE 0 
    END AS pass_rate,
    avg_final_score,
    CASE WHEN courses_failed > 0 THEN 1 ELSE 0 END AS is_failing_any
FROM course_summary
    );
  
  
[0m11:43:12.925476 [debug] [Thread-2 (]: On model.stride_accountability.stg_students: COMMIT
[0m11:43:12.926251 [debug] [Thread-4 (]: Opening a new connection, currently in state closed
[0m11:43:12.928946 [debug] [Thread-1 (]: SQL status: OK in 0.005 seconds
[0m11:43:12.932512 [debug] [Thread-1 (]: Using duckdb connection "model.stride_accountability.int_student_attendance"
[0m11:43:12.931425 [debug] [Thread-2 (]: SQL status: OK in 0.001 seconds
[0m11:43:12.933427 [debug] [Thread-4 (]: SQL status: OK in 0.007 seconds
[0m11:43:12.935001 [debug] [Thread-1 (]: On model.stride_accountability.int_student_attendance: /* {"app": "dbt", "dbt_version": "1.11.2", "profile_name": "stride_accountability", "target_name": "dev", "node_id": "model.stride_accountability.int_student_attendance"} */

  
    
    

    create  table
      "school_analytics"."main"."int_student_attendance__dbt_tmp"
  
    as (
      

WITH quarterly AS (
    SELECT
        student_key,
        school_year,
        SUM(instructional_days) AS total_instructional_days,
        SUM(present_days) AS total_present_days,
        SUM(absent_days) AS total_absent_days,
        SUM(total_tardy) AS total_tardies
    FROM "school_analytics"."main"."stg_attendance_quarter"
    GROUP BY student_key, school_year
)

SELECT
    student_key,
    school_year,
    total_instructional_days,
    total_present_days,
    total_absent_days,
    total_tardies,
    CASE 
        WHEN total_instructional_days > 0 
        THEN ROUND(total_absent_days / total_instructional_days * 100, 2)
        ELSE 0 
    END AS absence_rate,
    CASE 
        WHEN total_instructional_days > 0 
             AND (total_absent_days / total_instructional_days) >= 0.10 
        THEN 1 ELSE 0 
    END AS is_chronically_absent,
    CASE WHEN total_tardies >= 10 THEN 1 ELSE 0 END AS is_excessive_tardy
FROM quarterly
    );
  
  
[0m11:43:12.941807 [debug] [Thread-2 (]: Using duckdb connection "model.stride_accountability.stg_students"
[0m11:43:12.951383 [debug] [Thread-2 (]: On model.stride_accountability.stg_students: /* {"app": "dbt", "dbt_version": "1.11.2", "profile_name": "stride_accountability", "target_name": "dev", "node_id": "model.stride_accountability.stg_students"} */

      drop view if exists "school_analytics"."main"."stg_students__dbt_backup" cascade
    
[0m11:43:12.943669 [debug] [Thread-4 (]: Using duckdb connection "model.stride_accountability.int_student_behavior"
[0m11:43:12.956637 [debug] [Thread-4 (]: On model.stride_accountability.int_student_behavior: /* {"app": "dbt", "dbt_version": "1.11.2", "profile_name": "stride_accountability", "target_name": "dev", "node_id": "model.stride_accountability.int_student_behavior"} */

  
    
    

    create  table
      "school_analytics"."main"."int_student_behavior__dbt_tmp"
  
    as (
      

WITH daily_flags AS (
    SELECT
        student_key,
        school_year,
        SUM(has_iss) AS iss_days,
        SUM(has_oss) AS oss_days,
        SUM(has_cut) AS cut_incidents,
        SUM(has_tru) AS truancy_incidents
    FROM "school_analytics"."main"."stg_attendance_daily"
    GROUP BY student_key, school_year
)

SELECT
    student_key,
    school_year,
    COALESCE(iss_days, 0) AS iss_days,
    COALESCE(oss_days, 0) AS oss_days,
    COALESCE(cut_incidents, 0) AS cut_incidents,
    COALESCE(truancy_incidents, 0) AS truancy_incidents,
    CASE 
        WHEN iss_days >= 1 OR oss_days >= 1 OR cut_incidents >= 2 OR truancy_incidents >= 1 
        THEN 1 ELSE 0 
    END AS is_behavior_risk
FROM daily_flags
    );
  
  
[0m11:43:12.953188 [debug] [Thread-2 (]: SQL status: OK in 0.001 seconds
[0m11:43:12.968453 [debug] [Thread-2 (]: On model.stride_accountability.stg_students: Close
[0m11:43:12.978741 [debug] [Thread-2 (]: Sending event: {'category': 'dbt', 'action': 'run_model', 'label': '3645479a-8500-4529-8abd-65a3e34702b3', 'context': [<snowplow_tracker.self_describing_json.SelfDescribingJson object at 0x7c2d2033c470>]}
[0m11:43:12.976637 [debug] [Thread-1 (]: SQL status: OK in 0.028 seconds
[0m11:43:12.974760 [debug] [Thread-3 (]: SQL status: OK in 0.047 seconds
[0m11:43:12.983054 [info ] [Thread-2 (]: 5 of 11 OK created sql view model main.stg_students ............................ [[32mOK[0m in 0.26s]
[0m11:43:12.993386 [debug] [Thread-1 (]: Using duckdb connection "model.stride_accountability.int_student_attendance"
[0m11:43:13.014302 [debug] [Thread-1 (]: On model.stride_accountability.int_student_attendance: /* {"app": "dbt", "dbt_version": "1.11.2", "profile_name": "stride_accountability", "target_name": "dev", "node_id": "model.stride_accountability.int_student_attendance"} */
alter table "school_analytics"."main"."int_student_attendance__dbt_tmp" rename to "int_student_attendance"
[0m11:43:13.012987 [debug] [Thread-3 (]: Using duckdb connection "model.stride_accountability.int_student_course_performance"
[0m11:43:13.007319 [debug] [Thread-2 (]: Finished running node model.stride_accountability.stg_students
[0m11:43:13.022875 [debug] [Thread-2 (]: Began running node model.stride_accountability.int_student_assignments
[0m11:43:13.021550 [debug] [Thread-3 (]: On model.stride_accountability.int_student_course_performance: /* {"app": "dbt", "dbt_version": "1.11.2", "profile_name": "stride_accountability", "target_name": "dev", "node_id": "model.stride_accountability.int_student_course_performance"} */
alter table "school_analytics"."main"."int_student_course_performance__dbt_tmp" rename to "int_student_course_performance"
[0m11:43:13.026836 [debug] [Thread-3 (]: SQL status: OK in 0.001 seconds
[0m11:43:13.024320 [info ] [Thread-2 (]: 9 of 11 START sql table model main.int_student_assignments ..................... [RUN]
[0m11:43:13.020256 [debug] [Thread-1 (]: SQL status: OK in 0.001 seconds
[0m11:43:13.040089 [debug] [Thread-3 (]: On model.stride_accountability.int_student_course_performance: COMMIT
[0m11:43:13.040980 [debug] [Thread-2 (]: Re-using an available connection from the pool (formerly model.stride_accountability.stg_students, now model.stride_accountability.int_student_assignments)
[0m11:43:13.041922 [debug] [Thread-4 (]: SQL status: OK in 0.084 seconds
[0m11:43:13.044395 [debug] [Thread-1 (]: On model.stride_accountability.int_student_attendance: COMMIT
[0m11:43:13.045308 [debug] [Thread-3 (]: Using duckdb connection "model.stride_accountability.int_student_course_performance"
[0m11:43:13.046161 [debug] [Thread-2 (]: Began compiling node model.stride_accountability.int_student_assignments
[0m11:43:13.050918 [debug] [Thread-4 (]: Using duckdb connection "model.stride_accountability.int_student_behavior"
[0m11:43:13.051858 [debug] [Thread-1 (]: Using duckdb connection "model.stride_accountability.int_student_attendance"
[0m11:43:13.052667 [debug] [Thread-3 (]: On model.stride_accountability.int_student_course_performance: COMMIT
[0m11:43:13.057716 [debug] [Thread-2 (]: Writing injected SQL for node "model.stride_accountability.int_student_assignments"
[0m11:43:13.058727 [debug] [Thread-4 (]: On model.stride_accountability.int_student_behavior: /* {"app": "dbt", "dbt_version": "1.11.2", "profile_name": "stride_accountability", "target_name": "dev", "node_id": "model.stride_accountability.int_student_behavior"} */
alter table "school_analytics"."main"."int_student_behavior__dbt_tmp" rename to "int_student_behavior"
[0m11:43:13.059619 [debug] [Thread-1 (]: On model.stride_accountability.int_student_attendance: COMMIT
[0m11:43:13.065163 [debug] [Thread-3 (]: SQL status: OK in 0.005 seconds
[0m11:43:13.063102 [debug] [Thread-4 (]: SQL status: OK in 0.001 seconds
[0m11:43:13.072549 [debug] [Thread-3 (]: Using duckdb connection "model.stride_accountability.int_student_course_performance"
[0m11:43:13.076997 [debug] [Thread-3 (]: On model.stride_accountability.int_student_course_performance: /* {"app": "dbt", "dbt_version": "1.11.2", "profile_name": "stride_accountability", "target_name": "dev", "node_id": "model.stride_accountability.int_student_course_performance"} */

      drop table if exists "school_analytics"."main"."int_student_course_performance__dbt_backup" cascade
    
[0m11:43:13.076178 [debug] [Thread-1 (]: SQL status: OK in 0.012 seconds
[0m11:43:13.075299 [debug] [Thread-4 (]: On model.stride_accountability.int_student_behavior: COMMIT
[0m11:43:13.083605 [debug] [Thread-3 (]: SQL status: OK in 0.006 seconds
[0m11:43:13.084425 [debug] [Thread-1 (]: Using duckdb connection "model.stride_accountability.int_student_attendance"
[0m11:43:13.085232 [debug] [Thread-4 (]: Using duckdb connection "model.stride_accountability.int_student_behavior"
[0m11:43:13.087639 [debug] [Thread-3 (]: On model.stride_accountability.int_student_course_performance: Close
[0m11:43:13.089157 [debug] [Thread-2 (]: Began executing node model.stride_accountability.int_student_assignments
[0m11:43:13.089881 [debug] [Thread-1 (]: On model.stride_accountability.int_student_attendance: /* {"app": "dbt", "dbt_version": "1.11.2", "profile_name": "stride_accountability", "target_name": "dev", "node_id": "model.stride_accountability.int_student_attendance"} */

      drop table if exists "school_analytics"."main"."int_student_attendance__dbt_backup" cascade
    
[0m11:43:13.090690 [debug] [Thread-4 (]: On model.stride_accountability.int_student_behavior: COMMIT
[0m11:43:13.097282 [debug] [Thread-2 (]: Writing runtime sql for node "model.stride_accountability.int_student_assignments"
[0m11:43:13.099894 [debug] [Thread-1 (]: SQL status: OK in 0.001 seconds
[0m11:43:13.098204 [debug] [Thread-3 (]: Sending event: {'category': 'dbt', 'action': 'run_model', 'label': '3645479a-8500-4529-8abd-65a3e34702b3', 'context': [<snowplow_tracker.self_describing_json.SelfDescribingJson object at 0x7c2d22e2f3e0>]}
[0m11:43:13.103976 [debug] [Thread-1 (]: On model.stride_accountability.int_student_attendance: Close
[0m11:43:13.105253 [info ] [Thread-3 (]: 7 of 11 OK created sql table model main.int_student_course_performance ......... [[32mOK[0m in 0.36s]
[0m11:43:13.106049 [debug] [Thread-4 (]: SQL status: OK in 0.007 seconds
[0m11:43:13.107510 [debug] [Thread-3 (]: Finished running node model.stride_accountability.int_student_course_performance
[0m11:43:13.108507 [debug] [Thread-1 (]: Sending event: {'category': 'dbt', 'action': 'run_model', 'label': '3645479a-8500-4529-8abd-65a3e34702b3', 'context': [<snowplow_tracker.self_describing_json.SelfDescribingJson object at 0x7c2d202e4ce0>]}
[0m11:43:13.118024 [info ] [Thread-1 (]: 8 of 11 OK created sql table model main.int_student_attendance ................. [[32mOK[0m in 0.36s]
[0m11:43:13.116165 [debug] [Thread-4 (]: Using duckdb connection "model.stride_accountability.int_student_behavior"
[0m11:43:13.121344 [debug] [Thread-4 (]: On model.stride_accountability.int_student_behavior: /* {"app": "dbt", "dbt_version": "1.11.2", "profile_name": "stride_accountability", "target_name": "dev", "node_id": "model.stride_accountability.int_student_behavior"} */

      drop table if exists "school_analytics"."main"."int_student_behavior__dbt_backup" cascade
    
[0m11:43:13.123112 [debug] [Thread-4 (]: SQL status: OK in 0.001 seconds
[0m11:43:13.119530 [debug] [Thread-1 (]: Finished running node model.stride_accountability.int_student_attendance
[0m11:43:13.120524 [debug] [Thread-2 (]: Using duckdb connection "model.stride_accountability.int_student_assignments"
[0m11:43:13.125684 [debug] [Thread-4 (]: On model.stride_accountability.int_student_behavior: Close
[0m11:43:13.127114 [debug] [Thread-2 (]: On model.stride_accountability.int_student_assignments: BEGIN
[0m11:43:13.128379 [debug] [Thread-2 (]: Opening a new connection, currently in state closed
[0m11:43:13.129417 [debug] [Thread-4 (]: Sending event: {'category': 'dbt', 'action': 'run_model', 'label': '3645479a-8500-4529-8abd-65a3e34702b3', 'context': [<snowplow_tracker.self_describing_json.SelfDescribingJson object at 0x7c2d202f3770>]}
[0m11:43:13.132172 [info ] [Thread-4 (]: 6 of 11 OK created sql table model main.int_student_behavior ................... [[32mOK[0m in 0.39s]
[0m11:43:13.130615 [debug] [Thread-2 (]: SQL status: OK in 0.002 seconds
[0m11:43:13.133594 [debug] [Thread-4 (]: Finished running node model.stride_accountability.int_student_behavior
[0m11:43:13.134840 [debug] [Thread-2 (]: Using duckdb connection "model.stride_accountability.int_student_assignments"
[0m11:43:13.136076 [debug] [Thread-2 (]: On model.stride_accountability.int_student_assignments: /* {"app": "dbt", "dbt_version": "1.11.2", "profile_name": "stride_accountability", "target_name": "dev", "node_id": "model.stride_accountability.int_student_assignments"} */

  
    
    

    create  table
      "school_analytics"."main"."int_student_assignments__dbt_tmp"
  
    as (
      

WITH assignment_summary AS (
    SELECT
        student_key,
        school_year,
        COUNT(*) AS total_assignments,
        SUM(COALESCE(is_missing, 0)) AS missing_count,
        SUM(COALESCE(is_late, 0)) AS late_count
    FROM "school_analytics"."main"."stg_assignments"
    GROUP BY student_key, school_year
)

SELECT
    student_key,
    school_year,
    total_assignments,
    missing_count,
    late_count,
    CASE 
        WHEN total_assignments > 0 
        THEN ROUND(missing_count * 100.0 / total_assignments, 2)
        ELSE 0 
    END AS missing_rate,
    CASE 
        WHEN total_assignments > 0 
             AND (missing_count * 1.0 / total_assignments) >= 0.10 
        THEN 1 ELSE 0 
    END AS is_high_missing
FROM assignment_summary
    );
  
  
[0m11:43:13.160875 [debug] [Thread-2 (]: SQL status: OK in 0.024 seconds
[0m11:43:13.166268 [debug] [Thread-2 (]: Using duckdb connection "model.stride_accountability.int_student_assignments"
[0m11:43:13.167192 [debug] [Thread-2 (]: On model.stride_accountability.int_student_assignments: /* {"app": "dbt", "dbt_version": "1.11.2", "profile_name": "stride_accountability", "target_name": "dev", "node_id": "model.stride_accountability.int_student_assignments"} */
alter table "school_analytics"."main"."int_student_assignments__dbt_tmp" rename to "int_student_assignments"
[0m11:43:13.168804 [debug] [Thread-2 (]: SQL status: OK in 0.001 seconds
[0m11:43:13.171572 [debug] [Thread-2 (]: On model.stride_accountability.int_student_assignments: COMMIT
[0m11:43:13.172513 [debug] [Thread-2 (]: Using duckdb connection "model.stride_accountability.int_student_assignments"
[0m11:43:13.173363 [debug] [Thread-2 (]: On model.stride_accountability.int_student_assignments: COMMIT
[0m11:43:13.176307 [debug] [Thread-2 (]: SQL status: OK in 0.002 seconds
[0m11:43:13.180366 [debug] [Thread-2 (]: Using duckdb connection "model.stride_accountability.int_student_assignments"
[0m11:43:13.181220 [debug] [Thread-2 (]: On model.stride_accountability.int_student_assignments: /* {"app": "dbt", "dbt_version": "1.11.2", "profile_name": "stride_accountability", "target_name": "dev", "node_id": "model.stride_accountability.int_student_assignments"} */

      drop table if exists "school_analytics"."main"."int_student_assignments__dbt_backup" cascade
    
[0m11:43:13.182516 [debug] [Thread-2 (]: SQL status: OK in 0.000 seconds
[0m11:43:13.184735 [debug] [Thread-2 (]: On model.stride_accountability.int_student_assignments: Close
[0m11:43:13.186345 [debug] [Thread-2 (]: Sending event: {'category': 'dbt', 'action': 'run_model', 'label': '3645479a-8500-4529-8abd-65a3e34702b3', 'context': [<snowplow_tracker.self_describing_json.SelfDescribingJson object at 0x7c2d2017b500>]}
[0m11:43:13.187631 [info ] [Thread-2 (]: 9 of 11 OK created sql table model main.int_student_assignments ................ [[32mOK[0m in 0.15s]
[0m11:43:13.188708 [debug] [Thread-2 (]: Finished running node model.stride_accountability.int_student_assignments
[0m11:43:13.189953 [debug] [Thread-3 (]: Began running node model.stride_accountability.mart_student_accountability
[0m11:43:13.191103 [info ] [Thread-3 (]: 10 of 11 START sql table model main.mart_student_accountability ................ [RUN]
[0m11:43:13.192072 [debug] [Thread-3 (]: Re-using an available connection from the pool (formerly model.stride_accountability.int_student_course_performance, now model.stride_accountability.mart_student_accountability)
[0m11:43:13.192876 [debug] [Thread-3 (]: Began compiling node model.stride_accountability.mart_student_accountability
[0m11:43:13.200302 [debug] [Thread-3 (]: Writing injected SQL for node "model.stride_accountability.mart_student_accountability"
[0m11:43:13.213430 [debug] [Thread-3 (]: Began executing node model.stride_accountability.mart_student_accountability
[0m11:43:13.220294 [debug] [Thread-3 (]: Writing runtime sql for node "model.stride_accountability.mart_student_accountability"
[0m11:43:13.233616 [debug] [Thread-3 (]: Using duckdb connection "model.stride_accountability.mart_student_accountability"
[0m11:43:13.234861 [debug] [Thread-3 (]: On model.stride_accountability.mart_student_accountability: BEGIN
[0m11:43:13.236056 [debug] [Thread-3 (]: Opening a new connection, currently in state closed
[0m11:43:13.237925 [debug] [Thread-3 (]: SQL status: OK in 0.002 seconds
[0m11:43:13.239695 [debug] [Thread-3 (]: Using duckdb connection "model.stride_accountability.mart_student_accountability"
[0m11:43:13.240926 [debug] [Thread-3 (]: On model.stride_accountability.mart_student_accountability: /* {"app": "dbt", "dbt_version": "1.11.2", "profile_name": "stride_accountability", "target_name": "dev", "node_id": "model.stride_accountability.mart_student_accountability"} */

  
    
    

    create  table
      "school_analytics"."main"."mart_student_accountability__dbt_tmp"
  
    as (
      

WITH students AS (
    SELECT * FROM "school_analytics"."main"."stg_students"
),

enrollment AS (
    SELECT 
        e.student_key,
        t.school_year,
        e.grade_level,
        e.is_boarding,
        e.housing_type
    FROM "school_analytics"."main"."fct_student_term_enrollment" e
    JOIN "school_analytics"."main"."dim_terms" t ON e.term_key = t.term_key
    WHERE t.term_name LIKE 'Fall%'
),

attendance AS (
    SELECT * FROM "school_analytics"."main"."int_student_attendance"
),

behavior AS (
    SELECT * FROM "school_analytics"."main"."int_student_behavior"
),

courses AS (
    SELECT * FROM "school_analytics"."main"."int_student_course_performance"
),

assignments AS (
    SELECT * FROM "school_analytics"."main"."int_student_assignments"
)

SELECT
    -- Student info
    s.student_key,
    s.school_id,
    s.full_name,
    e.school_year,
    s.gender,
    s.country,
    s.program_type,
    e.grade_level,
    e.is_boarding,
    e.housing_type,
    
    -- Attendance metrics
    a.total_instructional_days,
    a.total_present_days,
    a.total_absent_days,
    a.absence_rate,
    a.total_tardies,
    a.is_chronically_absent,
    a.is_excessive_tardy,
    
    -- Behavior metrics
    COALESCE(b.iss_days, 0) AS iss_days,
    COALESCE(b.oss_days, 0) AS oss_days,
    COALESCE(b.cut_incidents, 0) AS cut_incidents,
    COALESCE(b.truancy_incidents, 0) AS truancy_incidents,
    COALESCE(b.is_behavior_risk, 0) AS is_behavior_risk,
    
    -- Course metrics
    c.courses_taken,
    c.courses_passed,
    c.courses_failed,
    c.pass_rate,
    c.avg_final_score,
    c.is_failing_any,
    
    -- Assignment metrics
    asn.total_assignments,
    asn.missing_count,
    asn.late_count,
    asn.missing_rate,
    asn.is_high_missing,
    
    -- ABC Risk Score
    COALESCE(a.is_chronically_absent, 0) 
        + COALESCE(b.is_behavior_risk, 0) 
        + COALESCE(c.is_failing_any, 0) AS abc_risk_score,
    
    CASE 
        WHEN (COALESCE(a.is_chronically_absent, 0) 
              + COALESCE(b.is_behavior_risk, 0) 
              + COALESCE(c.is_failing_any, 0)) >= 2 
        THEN 1 ELSE 0 
    END AS is_at_risk

FROM enrollment e
JOIN students s ON e.student_key = s.student_key
LEFT JOIN attendance a ON e.student_key = a.student_key AND e.school_year = a.school_year
LEFT JOIN behavior b ON e.student_key = b.student_key AND e.school_year = b.school_year
LEFT JOIN courses c ON e.student_key = c.student_key AND e.school_year = c.school_year
LEFT JOIN assignments asn ON e.student_key = asn.student_key AND e.school_year = asn.school_year
    );
  
  
[0m11:43:13.274599 [debug] [Thread-3 (]: SQL status: OK in 0.032 seconds
[0m11:43:13.280951 [debug] [Thread-3 (]: Using duckdb connection "model.stride_accountability.mart_student_accountability"
[0m11:43:13.281940 [debug] [Thread-3 (]: On model.stride_accountability.mart_student_accountability: /* {"app": "dbt", "dbt_version": "1.11.2", "profile_name": "stride_accountability", "target_name": "dev", "node_id": "model.stride_accountability.mart_student_accountability"} */
alter table "school_analytics"."main"."mart_student_accountability__dbt_tmp" rename to "mart_student_accountability"
[0m11:43:13.283466 [debug] [Thread-3 (]: SQL status: OK in 0.001 seconds
[0m11:43:13.286160 [debug] [Thread-3 (]: On model.stride_accountability.mart_student_accountability: COMMIT
[0m11:43:13.287044 [debug] [Thread-3 (]: Using duckdb connection "model.stride_accountability.mart_student_accountability"
[0m11:43:13.287831 [debug] [Thread-3 (]: On model.stride_accountability.mart_student_accountability: COMMIT
[0m11:43:13.294291 [debug] [Thread-3 (]: SQL status: OK in 0.006 seconds
[0m11:43:13.298644 [debug] [Thread-3 (]: Using duckdb connection "model.stride_accountability.mart_student_accountability"
[0m11:43:13.299603 [debug] [Thread-3 (]: On model.stride_accountability.mart_student_accountability: /* {"app": "dbt", "dbt_version": "1.11.2", "profile_name": "stride_accountability", "target_name": "dev", "node_id": "model.stride_accountability.mart_student_accountability"} */

      drop table if exists "school_analytics"."main"."mart_student_accountability__dbt_backup" cascade
    
[0m11:43:13.301126 [debug] [Thread-3 (]: SQL status: OK in 0.001 seconds
[0m11:43:13.303433 [debug] [Thread-3 (]: On model.stride_accountability.mart_student_accountability: Close
[0m11:43:13.305528 [debug] [Thread-3 (]: Sending event: {'category': 'dbt', 'action': 'run_model', 'label': '3645479a-8500-4529-8abd-65a3e34702b3', 'context': [<snowplow_tracker.self_describing_json.SelfDescribingJson object at 0x7c2d201bae70>]}
[0m11:43:13.306823 [info ] [Thread-3 (]: 10 of 11 OK created sql table model main.mart_student_accountability ........... [[32mOK[0m in 0.11s]
[0m11:43:13.307956 [debug] [Thread-3 (]: Finished running node model.stride_accountability.mart_student_accountability
[0m11:43:13.309378 [debug] [Thread-4 (]: Began running node model.stride_accountability.mart_school_year_summary
[0m11:43:13.310297 [info ] [Thread-4 (]: 11 of 11 START sql table model main.mart_school_year_summary ................... [RUN]
[0m11:43:13.311217 [debug] [Thread-4 (]: Re-using an available connection from the pool (formerly model.stride_accountability.int_student_behavior, now model.stride_accountability.mart_school_year_summary)
[0m11:43:13.312198 [debug] [Thread-4 (]: Began compiling node model.stride_accountability.mart_school_year_summary
[0m11:43:13.317530 [debug] [Thread-4 (]: Writing injected SQL for node "model.stride_accountability.mart_school_year_summary"
[0m11:43:13.327954 [debug] [Thread-4 (]: Began executing node model.stride_accountability.mart_school_year_summary
[0m11:43:13.339367 [debug] [Thread-4 (]: Writing runtime sql for node "model.stride_accountability.mart_school_year_summary"
[0m11:43:13.349945 [debug] [Thread-4 (]: Using duckdb connection "model.stride_accountability.mart_school_year_summary"
[0m11:43:13.351389 [debug] [Thread-4 (]: On model.stride_accountability.mart_school_year_summary: BEGIN
[0m11:43:13.352500 [debug] [Thread-4 (]: Opening a new connection, currently in state closed
[0m11:43:13.354652 [debug] [Thread-4 (]: SQL status: OK in 0.002 seconds
[0m11:43:13.355630 [debug] [Thread-4 (]: Using duckdb connection "model.stride_accountability.mart_school_year_summary"
[0m11:43:13.356858 [debug] [Thread-4 (]: On model.stride_accountability.mart_school_year_summary: /* {"app": "dbt", "dbt_version": "1.11.2", "profile_name": "stride_accountability", "target_name": "dev", "node_id": "model.stride_accountability.mart_school_year_summary"} */

  
    
    

    create  table
      "school_analytics"."main"."mart_school_year_summary__dbt_tmp"
  
    as (
      

WITH base AS (
    SELECT * FROM "school_analytics"."main"."mart_student_accountability"
),

-- Overall by year
overall AS (
    SELECT
        school_year,
        'Overall' AS subgroup_type,
        'All Students' AS subgroup_value,
        COUNT(*) AS student_count,
        ROUND(AVG(absence_rate), 2) AS avg_absence_rate,
        ROUND(SUM(is_chronically_absent) * 100.0 / COUNT(*), 2) AS pct_chronically_absent,
        ROUND(SUM(is_behavior_risk) * 100.0 / COUNT(*), 2) AS pct_behavior_risk,
        ROUND(SUM(is_failing_any) * 100.0 / COUNT(*), 2) AS pct_failing_any,
        ROUND(SUM(is_at_risk) * 100.0 / COUNT(*), 2) AS pct_at_risk,
        ROUND(AVG(avg_final_score), 2) AS avg_gpa
    FROM base
    GROUP BY school_year
),

-- By gender
by_gender AS (
    SELECT
        school_year,
        'Gender' AS subgroup_type,
        gender AS subgroup_value,
        COUNT(*) AS student_count,
        ROUND(AVG(absence_rate), 2) AS avg_absence_rate,
        ROUND(SUM(is_chronically_absent) * 100.0 / COUNT(*), 2) AS pct_chronically_absent,
        ROUND(SUM(is_behavior_risk) * 100.0 / COUNT(*), 2) AS pct_behavior_risk,
        ROUND(SUM(is_failing_any) * 100.0 / COUNT(*), 2) AS pct_failing_any,
        ROUND(SUM(is_at_risk) * 100.0 / COUNT(*), 2) AS pct_at_risk,
        ROUND(AVG(avg_final_score), 2) AS avg_gpa
    FROM base
    WHERE gender IS NOT NULL
    GROUP BY school_year, gender
),

-- By program type
by_program AS (
    SELECT
        school_year,
        'Program' AS subgroup_type,
        program_type AS subgroup_value,
        COUNT(*) AS student_count,
        ROUND(AVG(absence_rate), 2) AS avg_absence_rate,
        ROUND(SUM(is_chronically_absent) * 100.0 / COUNT(*), 2) AS pct_chronically_absent,
        ROUND(SUM(is_behavior_risk) * 100.0 / COUNT(*), 2) AS pct_behavior_risk,
        ROUND(SUM(is_failing_any) * 100.0 / COUNT(*), 2) AS pct_failing_any,
        ROUND(SUM(is_at_risk) * 100.0 / COUNT(*), 2) AS pct_at_risk,
        ROUND(AVG(avg_final_score), 2) AS avg_gpa
    FROM base
    WHERE program_type IS NOT NULL
    GROUP BY school_year, program_type
),

-- By boarding status
by_boarding AS (
    SELECT
        school_year,
        'Boarding' AS subgroup_type,
        CASE WHEN is_boarding = 1 THEN 'Boarding' ELSE 'Non-Boarding' END AS subgroup_value,
        COUNT(*) AS student_count,
        ROUND(AVG(absence_rate), 2) AS avg_absence_rate,
        ROUND(SUM(is_chronically_absent) * 100.0 / COUNT(*), 2) AS pct_chronically_absent,
        ROUND(SUM(is_behavior_risk) * 100.0 / COUNT(*), 2) AS pct_behavior_risk,
        ROUND(SUM(is_failing_any) * 100.0 / COUNT(*), 2) AS pct_failing_any,
        ROUND(SUM(is_at_risk) * 100.0 / COUNT(*), 2) AS pct_at_risk,
        ROUND(AVG(avg_final_score), 2) AS avg_gpa
    FROM base
    WHERE is_boarding IS NOT NULL
    GROUP BY school_year, is_boarding
)

SELECT * FROM overall
UNION ALL
SELECT * FROM by_gender
UNION ALL
SELECT * FROM by_program
UNION ALL
SELECT * FROM by_boarding
ORDER BY school_year, subgroup_type, subgroup_value
    );
  
  
[0m11:43:13.377286 [debug] [Thread-4 (]: SQL status: OK in 0.019 seconds
[0m11:43:13.382738 [debug] [Thread-4 (]: Using duckdb connection "model.stride_accountability.mart_school_year_summary"
[0m11:43:13.384060 [debug] [Thread-4 (]: On model.stride_accountability.mart_school_year_summary: /* {"app": "dbt", "dbt_version": "1.11.2", "profile_name": "stride_accountability", "target_name": "dev", "node_id": "model.stride_accountability.mart_school_year_summary"} */
alter table "school_analytics"."main"."mart_school_year_summary__dbt_tmp" rename to "mart_school_year_summary"
[0m11:43:13.385603 [debug] [Thread-4 (]: SQL status: OK in 0.001 seconds
[0m11:43:13.388323 [debug] [Thread-4 (]: On model.stride_accountability.mart_school_year_summary: COMMIT
[0m11:43:13.389124 [debug] [Thread-4 (]: Using duckdb connection "model.stride_accountability.mart_school_year_summary"
[0m11:43:13.389863 [debug] [Thread-4 (]: On model.stride_accountability.mart_school_year_summary: COMMIT
[0m11:43:13.391512 [debug] [Thread-4 (]: SQL status: OK in 0.001 seconds
[0m11:43:13.395588 [debug] [Thread-4 (]: Using duckdb connection "model.stride_accountability.mart_school_year_summary"
[0m11:43:13.396422 [debug] [Thread-4 (]: On model.stride_accountability.mart_school_year_summary: /* {"app": "dbt", "dbt_version": "1.11.2", "profile_name": "stride_accountability", "target_name": "dev", "node_id": "model.stride_accountability.mart_school_year_summary"} */

      drop table if exists "school_analytics"."main"."mart_school_year_summary__dbt_backup" cascade
    
[0m11:43:13.397701 [debug] [Thread-4 (]: SQL status: OK in 0.000 seconds
[0m11:43:13.399909 [debug] [Thread-4 (]: On model.stride_accountability.mart_school_year_summary: Close
[0m11:43:13.401519 [debug] [Thread-4 (]: Sending event: {'category': 'dbt', 'action': 'run_model', 'label': '3645479a-8500-4529-8abd-65a3e34702b3', 'context': [<snowplow_tracker.self_describing_json.SelfDescribingJson object at 0x7c2d201cc6e0>]}
[0m11:43:13.402662 [info ] [Thread-4 (]: 11 of 11 OK created sql table model main.mart_school_year_summary .............. [[32mOK[0m in 0.09s]
[0m11:43:13.403807 [debug] [Thread-4 (]: Finished running node model.stride_accountability.mart_school_year_summary
[0m11:43:13.406759 [debug] [MainThread]: Using duckdb connection "master"
[0m11:43:13.407544 [debug] [MainThread]: On master: BEGIN
[0m11:43:13.409024 [debug] [MainThread]: Opening a new connection, currently in state closed
[0m11:43:13.410367 [debug] [MainThread]: SQL status: OK in 0.001 seconds
[0m11:43:13.411194 [debug] [MainThread]: On master: COMMIT
[0m11:43:13.411917 [debug] [MainThread]: Using duckdb connection "master"
[0m11:43:13.412557 [debug] [MainThread]: On master: COMMIT
[0m11:43:13.413565 [debug] [MainThread]: SQL status: OK in 0.000 seconds
[0m11:43:13.414967 [debug] [MainThread]: On master: Close
[0m11:43:13.416264 [debug] [MainThread]: Connection 'master' was properly closed.
[0m11:43:13.416923 [debug] [MainThread]: Connection 'model.stride_accountability.int_student_attendance' was properly closed.
[0m11:43:13.417537 [debug] [MainThread]: Connection 'model.stride_accountability.int_student_assignments' was properly closed.
[0m11:43:13.418130 [debug] [MainThread]: Connection 'model.stride_accountability.mart_student_accountability' was properly closed.
[0m11:43:13.418668 [debug] [MainThread]: Connection 'model.stride_accountability.mart_school_year_summary' was properly closed.
[0m11:43:13.419563 [info ] [MainThread]: 
[0m11:43:13.420293 [info ] [MainThread]: Finished running 6 table models, 5 view models in 0 hours 0 minutes and 1.26 seconds (1.26s).
[0m11:43:13.423253 [debug] [MainThread]: Command end result
[0m11:43:13.472428 [debug] [MainThread]: Wrote artifact WritableManifest to /content/drive/MyDrive/LPE/Amerigo/25-26/CC/alt db/dbt_project/target/manifest.json
[0m11:43:13.486355 [debug] [MainThread]: Wrote artifact SemanticManifest to /content/drive/MyDrive/LPE/Amerigo/25-26/CC/alt db/dbt_project/target/semantic_manifest.json
[0m11:43:13.502978 [debug] [MainThread]: Wrote artifact RunExecutionResult to /content/drive/MyDrive/LPE/Amerigo/25-26/CC/alt db/dbt_project/target/run_results.json
[0m11:43:13.503948 [info ] [MainThread]: 
[0m11:43:13.504919 [info ] [MainThread]: [32mCompleted successfully[0m
[0m11:43:13.506159 [info ] [MainThread]: 
[0m11:43:13.506978 [info ] [MainThread]: Done. PASS=11 WARN=0 ERROR=0 SKIP=0 NO-OP=0 TOTAL=11
[0m11:43:13.508277 [warn ] [MainThread]: [[33mWARNING[0m][DeprecationsSummary]: Deprecated functionality
Summary of encountered deprecations:
- MissingArgumentsPropertyInGenericTestDeprecation: 2 occurrences
To see all deprecation instances instead of just the first occurrence of each,
run command again with the `--show-all-deprecations` flag. You may also need to
run with `--no-partial-parse` as some deprecations are only encountered during
parsing.
[0m11:43:13.510191 [debug] [MainThread]: Resource report: {"command_name": "run", "command_success": true, "command_wall_clock_time": 5.2898397, "process_in_blocks": "6384", "process_kernel_time": 0.512996, "process_mem_max_rss": "199304", "process_out_blocks": "0", "process_user_time": 9.703369}
[0m11:43:13.511146 [debug] [MainThread]: Command `dbt run` succeeded at 11:43:13.510972 after 5.29 seconds
[0m11:43:13.511931 [debug] [MainThread]: Sending event: {'category': 'dbt', 'action': 'invocation', 'label': 'end', 'context': [<snowplow_tracker.self_describing_json.SelfDescribingJson object at 0x7c2d29a22d80>, <snowplow_tracker.self_describing_json.SelfDescribingJson object at 0x7c2d23df0bf0>, <snowplow_tracker.self_describing_json.SelfDescribingJson object at 0x7c2d23c89a00>]}
[0m11:43:13.512709 [debug] [MainThread]: Flushing usage events
[0m11:43:13.826256 [debug] [MainThread]: An error was encountered while trying to flush usage events
[0m11:43:20.518898 [debug] [MainThread]: Sending event: {'category': 'dbt', 'action': 'invocation', 'label': 'start', 'context': [<snowplow_tracker.self_describing_json.SelfDescribingJson object at 0x7c37525cb4a0>, <snowplow_tracker.self_describing_json.SelfDescribingJson object at 0x7c375184e990>, <snowplow_tracker.self_describing_json.SelfDescribingJson object at 0x7c3751a17aa0>]}


============================== 11:43:20.531924 | 30d51b52-df20-4146-a78b-89051c5554bb ==============================
[0m11:43:20.531924 [info ] [MainThread]: Running with dbt=1.11.2
[0m11:43:20.533565 [debug] [MainThread]: running dbt with arguments {'use_colors': 'True', 'empty': 'None', 'indirect_selection': 'eager', 'static_parser': 'True', 'debug': 'False', 'use_experimental_parser': 'False', 'warn_error_options': 'WarnErrorOptionsV2(error=[], warn=[], silence=[])', 'cache_selected_only': 'False', 'introspect': 'True', 'invocation_command': 'dbt test --profiles-dir .', 'log_cache_events': 'False', 'fail_fast': 'False', 'profiles_dir': '.', 'warn_error': 'None', 'printer_width': '80', 'quiet': 'False', 'no_print': 'None', 'write_json': 'True', 'log_format': 'default', 'send_anonymous_usage_stats': 'True', 'log_path': '/content/drive/MyDrive/LPE/Amerigo/25-26/CC/alt db/dbt_project/logs', 'version_check': 'True', 'target_path': 'None', 'partial_parse': 'True'}
[0m11:43:21.072989 [debug] [MainThread]: Sending event: {'category': 'dbt', 'action': 'project_id', 'label': '30d51b52-df20-4146-a78b-89051c5554bb', 'context': [<snowplow_tracker.self_describing_json.SelfDescribingJson object at 0x7c3751d8bf80>]}
[0m11:43:21.214724 [debug] [MainThread]: Sending event: {'category': 'dbt', 'action': 'adapter_info', 'label': '30d51b52-df20-4146-a78b-89051c5554bb', 'context': [<snowplow_tracker.self_describing_json.SelfDescribingJson object at 0x7c3751c85460>]}
[0m11:43:21.217749 [info ] [MainThread]: Registered adapter: duckdb=1.10.0
[0m11:43:21.357797 [debug] [MainThread]: checksum: 3d40d8bbe1bef07db1c24822f2dbfff8bc07f2a48ed4fe2658a40653aec0b54b, vars: {}, profile: , target: , version: 1.11.2
[0m11:43:21.742565 [debug] [MainThread]: Partial parsing enabled: 0 files deleted, 0 files added, 0 files changed.
[0m11:43:21.743626 [debug] [MainThread]: Nothing changed, skipping partial parsing.
[0m11:43:21.744437 [debug] [MainThread]: Partial parsing enabled, no changes found, skipping parsing
[0m11:43:21.813343 [debug] [MainThread]: Sending event: {'category': 'dbt', 'action': 'load_project', 'label': '30d51b52-df20-4146-a78b-89051c5554bb', 'context': [<snowplow_tracker.self_describing_json.SelfDescribingJson object at 0x7c374d4e97f0>]}
[0m11:43:21.955975 [debug] [MainThread]: Wrote artifact WritableManifest to /content/drive/MyDrive/LPE/Amerigo/25-26/CC/alt db/dbt_project/target/manifest.json
[0m11:43:21.967816 [debug] [MainThread]: Wrote artifact SemanticManifest to /content/drive/MyDrive/LPE/Amerigo/25-26/CC/alt db/dbt_project/target/semantic_manifest.json
[0m11:43:22.023761 [debug] [MainThread]: Sending event: {'category': 'dbt', 'action': 'resource_counts', 'label': '30d51b52-df20-4146-a78b-89051c5554bb', 'context': [<snowplow_tracker.self_describing_json.SelfDescribingJson object at 0x7c374d0dd670>]}
[0m11:43:22.025005 [info ] [MainThread]: Found 11 models, 23 data tests, 10 sources, 471 macros
[0m11:43:22.026224 [debug] [MainThread]: Sending event: {'category': 'dbt', 'action': 'runnable_timing', 'label': '30d51b52-df20-4146-a78b-89051c5554bb', 'context': [<snowplow_tracker.self_describing_json.SelfDescribingJson object at 0x7c374d023bf0>]}
[0m11:43:22.031369 [info ] [MainThread]: 
[0m11:43:22.032196 [info ] [MainThread]: Concurrency: 4 threads (target='dev')
[0m11:43:22.032909 [info ] [MainThread]: 
[0m11:43:22.033903 [debug] [MainThread]: Acquiring new duckdb connection 'master'
[0m11:43:22.042474 [debug] [ThreadPool]: Acquiring new duckdb connection 'list_school_analytics_main'
[0m11:43:22.091098 [debug] [ThreadPool]: Using duckdb connection "list_school_analytics_main"
[0m11:43:22.092093 [debug] [ThreadPool]: On list_school_analytics_main: BEGIN
[0m11:43:22.092918 [debug] [ThreadPool]: Opening a new connection, currently in state init
[0m11:43:22.131944 [debug] [ThreadPool]: SQL status: OK in 0.039 seconds
[0m11:43:22.133030 [debug] [ThreadPool]: Using duckdb connection "list_school_analytics_main"
[0m11:43:22.133943 [debug] [ThreadPool]: On list_school_analytics_main: /* {"app": "dbt", "dbt_version": "1.11.2", "profile_name": "stride_accountability", "target_name": "dev", "connection_name": "list_school_analytics_main"} */
select
      'school_analytics' as database,
      table_name as name,
      table_schema as schema,
      CASE table_type
        WHEN 'BASE TABLE' THEN 'table'
        WHEN 'VIEW' THEN 'view'
        WHEN 'LOCAL TEMPORARY' THEN 'table'
        END as type
    from system.information_schema.tables
    where lower(table_schema) = 'main'
    and lower(table_catalog) = 'school_analytics'
  
[0m11:43:22.154496 [debug] [ThreadPool]: SQL status: OK in 0.020 seconds
[0m11:43:22.157510 [debug] [ThreadPool]: On list_school_analytics_main: ROLLBACK
[0m11:43:22.159552 [debug] [ThreadPool]: Failed to rollback 'list_school_analytics_main'
[0m11:43:22.160393 [debug] [ThreadPool]: On list_school_analytics_main: Close
[0m11:43:22.165980 [debug] [MainThread]: Sending event: {'category': 'dbt', 'action': 'runnable_timing', 'label': '30d51b52-df20-4146-a78b-89051c5554bb', 'context': [<snowplow_tracker.self_describing_json.SelfDescribingJson object at 0x7c374cf0d0d0>]}
[0m11:43:22.167064 [debug] [MainThread]: Using duckdb connection "master"
[0m11:43:22.167840 [debug] [MainThread]: On master: BEGIN
[0m11:43:22.168497 [debug] [MainThread]: Opening a new connection, currently in state init
[0m11:43:22.169730 [debug] [MainThread]: SQL status: OK in 0.001 seconds
[0m11:43:22.170458 [debug] [MainThread]: On master: COMMIT
[0m11:43:22.171430 [debug] [MainThread]: Using duckdb connection "master"
[0m11:43:22.172233 [debug] [MainThread]: On master: COMMIT
[0m11:43:22.173354 [debug] [MainThread]: SQL status: OK in 0.000 seconds
[0m11:43:22.174050 [debug] [MainThread]: On master: Close
[0m11:43:22.179138 [debug] [Thread-1 (]: Began running node test.stride_accountability.accepted_values_mart_school_year_summary_subgroup_type__Overall__Gender__Program__Boarding.3d3b8b5d08
[0m11:43:22.179953 [debug] [Thread-2 (]: Began running node test.stride_accountability.accepted_values_mart_student_accountability_abc_risk_score__0__1__2__3.339d151453
[0m11:43:22.180660 [debug] [Thread-3 (]: Began running node test.stride_accountability.not_null_int_student_assignments_school_year.eec676ff13
[0m11:43:22.181424 [debug] [Thread-4 (]: Began running node test.stride_accountability.not_null_int_student_assignments_student_key.1da8b753e7
[0m11:43:22.182124 [info ] [Thread-1 (]: 1 of 23 START test accepted_values_mart_school_year_summary_subgroup_type__Overall__Gender__Program__Boarding  [RUN]
[0m11:43:22.183062 [info ] [Thread-2 (]: 2 of 23 START test accepted_values_mart_student_accountability_abc_risk_score__0__1__2__3  [RUN]
[0m11:43:22.183950 [info ] [Thread-3 (]: 3 of 23 START test not_null_int_student_assignments_school_year ................ [RUN]
[0m11:43:22.184861 [info ] [Thread-4 (]: 4 of 23 START test not_null_int_student_assignments_student_key ................ [RUN]
[0m11:43:22.185883 [debug] [Thread-1 (]: Re-using an available connection from the pool (formerly list_school_analytics_main, now test.stride_accountability.accepted_values_mart_school_year_summary_subgroup_type__Overall__Gender__Program__Boarding.3d3b8b5d08)
[0m11:43:22.186919 [debug] [Thread-2 (]: Acquiring new duckdb connection 'test.stride_accountability.accepted_values_mart_student_accountability_abc_risk_score__0__1__2__3.339d151453'
[0m11:43:22.187860 [debug] [Thread-3 (]: Acquiring new duckdb connection 'test.stride_accountability.not_null_int_student_assignments_school_year.eec676ff13'
[0m11:43:22.188786 [debug] [Thread-4 (]: Acquiring new duckdb connection 'test.stride_accountability.not_null_int_student_assignments_student_key.1da8b753e7'
[0m11:43:22.189605 [debug] [Thread-1 (]: Began compiling node test.stride_accountability.accepted_values_mart_school_year_summary_subgroup_type__Overall__Gender__Program__Boarding.3d3b8b5d08
[0m11:43:22.190435 [debug] [Thread-2 (]: Began compiling node test.stride_accountability.accepted_values_mart_student_accountability_abc_risk_score__0__1__2__3.339d151453
[0m11:43:22.191187 [debug] [Thread-3 (]: Began compiling node test.stride_accountability.not_null_int_student_assignments_school_year.eec676ff13
[0m11:43:22.191952 [debug] [Thread-4 (]: Began compiling node test.stride_accountability.not_null_int_student_assignments_student_key.1da8b753e7
[0m11:43:22.238677 [debug] [Thread-1 (]: Writing injected SQL for node "test.stride_accountability.accepted_values_mart_school_year_summary_subgroup_type__Overall__Gender__Program__Boarding.3d3b8b5d08"
[0m11:43:22.242558 [debug] [Thread-2 (]: Writing injected SQL for node "test.stride_accountability.accepted_values_mart_student_accountability_abc_risk_score__0__1__2__3.339d151453"
[0m11:43:22.294816 [debug] [Thread-4 (]: Writing injected SQL for node "test.stride_accountability.not_null_int_student_assignments_student_key.1da8b753e7"
[0m11:43:22.297793 [debug] [Thread-3 (]: Writing injected SQL for node "test.stride_accountability.not_null_int_student_assignments_school_year.eec676ff13"
[0m11:43:22.319179 [debug] [Thread-1 (]: Began executing node test.stride_accountability.accepted_values_mart_school_year_summary_subgroup_type__Overall__Gender__Program__Boarding.3d3b8b5d08
[0m11:43:22.330404 [debug] [Thread-4 (]: Began executing node test.stride_accountability.not_null_int_student_assignments_student_key.1da8b753e7
[0m11:43:22.345416 [debug] [Thread-2 (]: Began executing node test.stride_accountability.accepted_values_mart_student_accountability_abc_risk_score__0__1__2__3.339d151453
[0m11:43:22.363509 [debug] [Thread-3 (]: Began executing node test.stride_accountability.not_null_int_student_assignments_school_year.eec676ff13
[0m11:43:22.407479 [debug] [Thread-1 (]: Writing runtime sql for node "test.stride_accountability.accepted_values_mart_school_year_summary_subgroup_type__Overall__Gender__Program__Boarding.3d3b8b5d08"
[0m11:43:22.413586 [debug] [Thread-2 (]: Writing runtime sql for node "test.stride_accountability.accepted_values_mart_student_accountability_abc_risk_score__0__1__2__3.339d151453"
[0m11:43:22.405725 [debug] [Thread-4 (]: Writing runtime sql for node "test.stride_accountability.not_null_int_student_assignments_student_key.1da8b753e7"
[0m11:43:22.420538 [debug] [Thread-3 (]: Writing runtime sql for node "test.stride_accountability.not_null_int_student_assignments_school_year.eec676ff13"
[0m11:43:22.463060 [debug] [Thread-1 (]: Using duckdb connection "test.stride_accountability.accepted_values_mart_school_year_summary_subgroup_type__Overall__Gender__Program__Boarding.3d3b8b5d08"
[0m11:43:22.465249 [debug] [Thread-4 (]: Using duckdb connection "test.stride_accountability.not_null_int_student_assignments_student_key.1da8b753e7"
[0m11:43:22.471970 [debug] [Thread-4 (]: On test.stride_accountability.not_null_int_student_assignments_student_key.1da8b753e7: BEGIN
[0m11:43:22.467924 [debug] [Thread-1 (]: On test.stride_accountability.accepted_values_mart_school_year_summary_subgroup_type__Overall__Gender__Program__Boarding.3d3b8b5d08: BEGIN
[0m11:43:22.477968 [debug] [Thread-1 (]: Opening a new connection, currently in state closed
[0m11:43:22.475511 [debug] [Thread-3 (]: Using duckdb connection "test.stride_accountability.not_null_int_student_assignments_school_year.eec676ff13"
[0m11:43:22.479362 [debug] [Thread-3 (]: On test.stride_accountability.not_null_int_student_assignments_school_year.eec676ff13: BEGIN
[0m11:43:22.473927 [debug] [Thread-2 (]: Using duckdb connection "test.stride_accountability.accepted_values_mart_student_accountability_abc_risk_score__0__1__2__3.339d151453"
[0m11:43:22.477100 [debug] [Thread-4 (]: Opening a new connection, currently in state init
[0m11:43:22.480204 [debug] [Thread-1 (]: SQL status: OK in 0.002 seconds
[0m11:43:22.481250 [debug] [Thread-3 (]: Opening a new connection, currently in state init
[0m11:43:22.486941 [debug] [Thread-3 (]: SQL status: OK in 0.006 seconds
[0m11:43:22.484540 [debug] [Thread-4 (]: SQL status: OK in 0.007 seconds
[0m11:43:22.485380 [debug] [Thread-1 (]: Using duckdb connection "test.stride_accountability.accepted_values_mart_school_year_summary_subgroup_type__Overall__Gender__Program__Boarding.3d3b8b5d08"
[0m11:43:22.482594 [debug] [Thread-2 (]: On test.stride_accountability.accepted_values_mart_student_accountability_abc_risk_score__0__1__2__3.339d151453: BEGIN
[0m11:43:22.487953 [debug] [Thread-3 (]: Using duckdb connection "test.stride_accountability.not_null_int_student_assignments_school_year.eec676ff13"
[0m11:43:22.488732 [debug] [Thread-4 (]: Using duckdb connection "test.stride_accountability.not_null_int_student_assignments_student_key.1da8b753e7"
[0m11:43:22.489613 [debug] [Thread-1 (]: On test.stride_accountability.accepted_values_mart_school_year_summary_subgroup_type__Overall__Gender__Program__Boarding.3d3b8b5d08: /* {"app": "dbt", "dbt_version": "1.11.2", "profile_name": "stride_accountability", "target_name": "dev", "node_id": "test.stride_accountability.accepted_values_mart_school_year_summary_subgroup_type__Overall__Gender__Program__Boarding.3d3b8b5d08"} */

    select
      count(*) as failures,
      count(*) != 0 as should_warn,
      count(*) != 0 as should_error
    from (
      
    
  
    
    

with all_values as (

    select
        subgroup_type as value_field,
        count(*) as n_records

    from "school_analytics"."main"."mart_school_year_summary"
    group by subgroup_type

)

select *
from all_values
where value_field not in (
    'Overall','Gender','Program','Boarding'
)



  
  
      
    ) dbt_internal_test
[0m11:43:22.490456 [debug] [Thread-2 (]: Opening a new connection, currently in state init
[0m11:43:22.491294 [debug] [Thread-3 (]: On test.stride_accountability.not_null_int_student_assignments_school_year.eec676ff13: /* {"app": "dbt", "dbt_version": "1.11.2", "profile_name": "stride_accountability", "target_name": "dev", "node_id": "test.stride_accountability.not_null_int_student_assignments_school_year.eec676ff13"} */

    select
      count(*) as failures,
      count(*) != 0 as should_warn,
      count(*) != 0 as should_error
    from (
      
    
  
    
    



select school_year
from "school_analytics"."main"."int_student_assignments"
where school_year is null



  
  
      
    ) dbt_internal_test
[0m11:43:22.492122 [debug] [Thread-4 (]: On test.stride_accountability.not_null_int_student_assignments_student_key.1da8b753e7: /* {"app": "dbt", "dbt_version": "1.11.2", "profile_name": "stride_accountability", "target_name": "dev", "node_id": "test.stride_accountability.not_null_int_student_assignments_student_key.1da8b753e7"} */

    select
      count(*) as failures,
      count(*) != 0 as should_warn,
      count(*) != 0 as should_error
    from (
      
    
  
    
    



select student_key
from "school_analytics"."main"."int_student_assignments"
where student_key is null



  
  
      
    ) dbt_internal_test
[0m11:43:22.493988 [debug] [Thread-2 (]: SQL status: OK in 0.003 seconds
[0m11:43:22.496567 [debug] [Thread-3 (]: SQL status: OK in 0.001 seconds
[0m11:43:22.498896 [debug] [Thread-4 (]: SQL status: OK in 0.001 seconds
[0m11:43:22.499687 [debug] [Thread-1 (]: SQL status: OK in 0.007 seconds
[0m11:43:22.500555 [debug] [Thread-2 (]: Using duckdb connection "test.stride_accountability.accepted_values_mart_student_accountability_abc_risk_score__0__1__2__3.339d151453"
[0m11:43:22.510472 [debug] [Thread-4 (]: On test.stride_accountability.not_null_int_student_assignments_student_key.1da8b753e7: ROLLBACK
[0m11:43:22.511311 [debug] [Thread-3 (]: On test.stride_accountability.not_null_int_student_assignments_school_year.eec676ff13: ROLLBACK
[0m11:43:22.512526 [debug] [Thread-2 (]: On test.stride_accountability.accepted_values_mart_student_accountability_abc_risk_score__0__1__2__3.339d151453: /* {"app": "dbt", "dbt_version": "1.11.2", "profile_name": "stride_accountability", "target_name": "dev", "node_id": "test.stride_accountability.accepted_values_mart_student_accountability_abc_risk_score__0__1__2__3.339d151453"} */

    select
      count(*) as failures,
      count(*) != 0 as should_warn,
      count(*) != 0 as should_error
    from (
      
    
  
    
    

with all_values as (

    select
        abc_risk_score as value_field,
        count(*) as n_records

    from "school_analytics"."main"."mart_student_accountability"
    group by abc_risk_score

)

select *
from all_values
where value_field not in (
    '0','1','2','3'
)



  
  
      
    ) dbt_internal_test
[0m11:43:22.514996 [debug] [Thread-1 (]: On test.stride_accountability.accepted_values_mart_school_year_summary_subgroup_type__Overall__Gender__Program__Boarding.3d3b8b5d08: ROLLBACK
[0m11:43:22.516616 [debug] [Thread-4 (]: Failed to rollback 'test.stride_accountability.not_null_int_student_assignments_student_key.1da8b753e7'
[0m11:43:22.518030 [debug] [Thread-3 (]: Failed to rollback 'test.stride_accountability.not_null_int_student_assignments_school_year.eec676ff13'
[0m11:43:22.520585 [debug] [Thread-1 (]: Failed to rollback 'test.stride_accountability.accepted_values_mart_school_year_summary_subgroup_type__Overall__Gender__Program__Boarding.3d3b8b5d08'
[0m11:43:22.522208 [debug] [Thread-4 (]: On test.stride_accountability.not_null_int_student_assignments_student_key.1da8b753e7: Close
[0m11:43:22.523556 [debug] [Thread-2 (]: SQL status: OK in 0.005 seconds
[0m11:43:22.524443 [debug] [Thread-3 (]: On test.stride_accountability.not_null_int_student_assignments_school_year.eec676ff13: Close
[0m11:43:22.525261 [debug] [Thread-1 (]: On test.stride_accountability.accepted_values_mart_school_year_summary_subgroup_type__Overall__Gender__Program__Boarding.3d3b8b5d08: Close
[0m11:43:22.528363 [debug] [Thread-2 (]: On test.stride_accountability.accepted_values_mart_student_accountability_abc_risk_score__0__1__2__3.339d151453: ROLLBACK
[0m11:43:22.529432 [info ] [Thread-4 (]: 4 of 23 PASS not_null_int_student_assignments_student_key ...................... [[32mPASS[0m in 0.34s]
[0m11:43:22.531036 [info ] [Thread-3 (]: 3 of 23 PASS not_null_int_student_assignments_school_year ...................... [[32mPASS[0m in 0.34s]
[0m11:43:22.532103 [info ] [Thread-1 (]: 1 of 23 PASS accepted_values_mart_school_year_summary_subgroup_type__Overall__Gender__Program__Boarding  [[32mPASS[0m in 0.35s]
[0m11:43:22.533668 [debug] [Thread-2 (]: Failed to rollback 'test.stride_accountability.accepted_values_mart_student_accountability_abc_risk_score__0__1__2__3.339d151453'
[0m11:43:22.534803 [debug] [Thread-4 (]: Finished running node test.stride_accountability.not_null_int_student_assignments_student_key.1da8b753e7
[0m11:43:22.535865 [debug] [Thread-3 (]: Finished running node test.stride_accountability.not_null_int_student_assignments_school_year.eec676ff13
[0m11:43:22.536880 [debug] [Thread-1 (]: Finished running node test.stride_accountability.accepted_values_mart_school_year_summary_subgroup_type__Overall__Gender__Program__Boarding.3d3b8b5d08
[0m11:43:22.537638 [debug] [Thread-2 (]: On test.stride_accountability.accepted_values_mart_student_accountability_abc_risk_score__0__1__2__3.339d151453: Close
[0m11:43:22.538550 [debug] [Thread-4 (]: Began running node test.stride_accountability.not_null_int_student_attendance_school_year.bf6793ab59
[0m11:43:22.539449 [debug] [Thread-3 (]: Began running node test.stride_accountability.not_null_int_student_attendance_student_key.07966e2b87
[0m11:43:22.540376 [debug] [Thread-1 (]: Began running node test.stride_accountability.not_null_int_student_behavior_school_year.ffbcd68981
[0m11:43:22.541386 [info ] [Thread-4 (]: 5 of 23 START test not_null_int_student_attendance_school_year ................. [RUN]
[0m11:43:22.542425 [info ] [Thread-2 (]: 2 of 23 PASS accepted_values_mart_student_accountability_abc_risk_score__0__1__2__3  [[32mPASS[0m in 0.36s]
[0m11:43:22.543365 [info ] [Thread-3 (]: 6 of 23 START test not_null_int_student_attendance_student_key ................. [RUN]
[0m11:43:22.544286 [info ] [Thread-1 (]: 7 of 23 START test not_null_int_student_behavior_school_year ................... [RUN]
[0m11:43:22.545239 [debug] [Thread-4 (]: Re-using an available connection from the pool (formerly test.stride_accountability.not_null_int_student_assignments_student_key.1da8b753e7, now test.stride_accountability.not_null_int_student_attendance_school_year.bf6793ab59)
[0m11:43:22.546305 [debug] [Thread-2 (]: Finished running node test.stride_accountability.accepted_values_mart_student_accountability_abc_risk_score__0__1__2__3.339d151453
[0m11:43:22.547183 [debug] [Thread-3 (]: Re-using an available connection from the pool (formerly test.stride_accountability.not_null_int_student_assignments_school_year.eec676ff13, now test.stride_accountability.not_null_int_student_attendance_student_key.07966e2b87)
[0m11:43:22.548084 [debug] [Thread-1 (]: Re-using an available connection from the pool (formerly test.stride_accountability.accepted_values_mart_school_year_summary_subgroup_type__Overall__Gender__Program__Boarding.3d3b8b5d08, now test.stride_accountability.not_null_int_student_behavior_school_year.ffbcd68981)
[0m11:43:22.548917 [debug] [Thread-4 (]: Began compiling node test.stride_accountability.not_null_int_student_attendance_school_year.bf6793ab59
[0m11:43:22.549760 [debug] [Thread-2 (]: Began running node test.stride_accountability.not_null_int_student_behavior_student_key.b4733205e3
[0m11:43:22.550681 [debug] [Thread-3 (]: Began compiling node test.stride_accountability.not_null_int_student_attendance_student_key.07966e2b87
[0m11:43:22.551524 [debug] [Thread-1 (]: Began compiling node test.stride_accountability.not_null_int_student_behavior_school_year.ffbcd68981
[0m11:43:22.558999 [debug] [Thread-4 (]: Writing injected SQL for node "test.stride_accountability.not_null_int_student_attendance_school_year.bf6793ab59"
[0m11:43:22.559791 [info ] [Thread-2 (]: 8 of 23 START test not_null_int_student_behavior_student_key ................... [RUN]
[0m11:43:22.566320 [debug] [Thread-3 (]: Writing injected SQL for node "test.stride_accountability.not_null_int_student_attendance_student_key.07966e2b87"
[0m11:43:22.572471 [debug] [Thread-1 (]: Writing injected SQL for node "test.stride_accountability.not_null_int_student_behavior_school_year.ffbcd68981"
[0m11:43:22.573977 [debug] [Thread-2 (]: Re-using an available connection from the pool (formerly test.stride_accountability.accepted_values_mart_student_accountability_abc_risk_score__0__1__2__3.339d151453, now test.stride_accountability.not_null_int_student_behavior_student_key.b4733205e3)
[0m11:43:22.575658 [debug] [Thread-2 (]: Began compiling node test.stride_accountability.not_null_int_student_behavior_student_key.b4733205e3
[0m11:43:22.588147 [debug] [Thread-2 (]: Writing injected SQL for node "test.stride_accountability.not_null_int_student_behavior_student_key.b4733205e3"
[0m11:43:22.595986 [debug] [Thread-4 (]: Began executing node test.stride_accountability.not_null_int_student_attendance_school_year.bf6793ab59
[0m11:43:22.597887 [debug] [Thread-3 (]: Began executing node test.stride_accountability.not_null_int_student_attendance_student_key.07966e2b87
[0m11:43:22.607116 [debug] [Thread-4 (]: Writing runtime sql for node "test.stride_accountability.not_null_int_student_attendance_school_year.bf6793ab59"
[0m11:43:22.615104 [debug] [Thread-3 (]: Writing runtime sql for node "test.stride_accountability.not_null_int_student_attendance_student_key.07966e2b87"
[0m11:43:22.616235 [debug] [Thread-1 (]: Began executing node test.stride_accountability.not_null_int_student_behavior_school_year.ffbcd68981
[0m11:43:22.617147 [debug] [Thread-2 (]: Began executing node test.stride_accountability.not_null_int_student_behavior_student_key.b4733205e3
[0m11:43:22.622407 [debug] [Thread-1 (]: Writing runtime sql for node "test.stride_accountability.not_null_int_student_behavior_school_year.ffbcd68981"
[0m11:43:22.627290 [debug] [Thread-2 (]: Writing runtime sql for node "test.stride_accountability.not_null_int_student_behavior_student_key.b4733205e3"
[0m11:43:22.637192 [debug] [Thread-3 (]: Using duckdb connection "test.stride_accountability.not_null_int_student_attendance_student_key.07966e2b87"
[0m11:43:22.642671 [debug] [Thread-3 (]: On test.stride_accountability.not_null_int_student_attendance_student_key.07966e2b87: BEGIN
[0m11:43:22.646477 [debug] [Thread-3 (]: Opening a new connection, currently in state closed
[0m11:43:22.649535 [debug] [Thread-4 (]: Using duckdb connection "test.stride_accountability.not_null_int_student_attendance_school_year.bf6793ab59"
[0m11:43:22.659247 [debug] [Thread-3 (]: SQL status: OK in 0.013 seconds
[0m11:43:22.666169 [debug] [Thread-4 (]: On test.stride_accountability.not_null_int_student_attendance_school_year.bf6793ab59: BEGIN
[0m11:43:22.663908 [debug] [Thread-1 (]: Using duckdb connection "test.stride_accountability.not_null_int_student_behavior_school_year.ffbcd68981"
[0m11:43:22.671200 [debug] [Thread-1 (]: On test.stride_accountability.not_null_int_student_behavior_school_year.ffbcd68981: BEGIN
[0m11:43:22.670255 [debug] [Thread-4 (]: Opening a new connection, currently in state closed
[0m11:43:22.668159 [debug] [Thread-3 (]: Using duckdb connection "test.stride_accountability.not_null_int_student_attendance_student_key.07966e2b87"
[0m11:43:22.672381 [debug] [Thread-1 (]: Opening a new connection, currently in state closed
[0m11:43:22.677738 [debug] [Thread-1 (]: SQL status: OK in 0.005 seconds
[0m11:43:22.676264 [debug] [Thread-3 (]: On test.stride_accountability.not_null_int_student_attendance_student_key.07966e2b87: /* {"app": "dbt", "dbt_version": "1.11.2", "profile_name": "stride_accountability", "target_name": "dev", "node_id": "test.stride_accountability.not_null_int_student_attendance_student_key.07966e2b87"} */

    select
      count(*) as failures,
      count(*) != 0 as should_warn,
      count(*) != 0 as should_error
    from (
      
    
  
    
    



select student_key
from "school_analytics"."main"."int_student_attendance"
where student_key is null



  
  
      
    ) dbt_internal_test
[0m11:43:22.674910 [debug] [Thread-4 (]: SQL status: OK in 0.005 seconds
[0m11:43:22.682514 [debug] [Thread-4 (]: Using duckdb connection "test.stride_accountability.not_null_int_student_attendance_school_year.bf6793ab59"
[0m11:43:22.683696 [debug] [Thread-4 (]: On test.stride_accountability.not_null_int_student_attendance_school_year.bf6793ab59: /* {"app": "dbt", "dbt_version": "1.11.2", "profile_name": "stride_accountability", "target_name": "dev", "node_id": "test.stride_accountability.not_null_int_student_attendance_school_year.bf6793ab59"} */

    select
      count(*) as failures,
      count(*) != 0 as should_warn,
      count(*) != 0 as should_error
    from (
      
    
  
    
    



select school_year
from "school_analytics"."main"."int_student_attendance"
where school_year is null



  
  
      
    ) dbt_internal_test
[0m11:43:22.679275 [debug] [Thread-1 (]: Using duckdb connection "test.stride_accountability.not_null_int_student_behavior_school_year.ffbcd68981"
[0m11:43:22.685015 [debug] [Thread-1 (]: On test.stride_accountability.not_null_int_student_behavior_school_year.ffbcd68981: /* {"app": "dbt", "dbt_version": "1.11.2", "profile_name": "stride_accountability", "target_name": "dev", "node_id": "test.stride_accountability.not_null_int_student_behavior_school_year.ffbcd68981"} */

    select
      count(*) as failures,
      count(*) != 0 as should_warn,
      count(*) != 0 as should_error
    from (
      
    
  
    
    



select school_year
from "school_analytics"."main"."int_student_behavior"
where school_year is null



  
  
      
    ) dbt_internal_test
[0m11:43:22.688764 [debug] [Thread-1 (]: SQL status: OK in 0.001 seconds
[0m11:43:22.685996 [debug] [Thread-3 (]: SQL status: OK in 0.004 seconds
[0m11:43:22.681148 [debug] [Thread-2 (]: Using duckdb connection "test.stride_accountability.not_null_int_student_behavior_student_key.b4733205e3"
[0m11:43:22.689982 [debug] [Thread-4 (]: SQL status: OK in 0.005 seconds
[0m11:43:22.693338 [debug] [Thread-1 (]: On test.stride_accountability.not_null_int_student_behavior_school_year.ffbcd68981: ROLLBACK
[0m11:43:22.696064 [debug] [Thread-3 (]: On test.stride_accountability.not_null_int_student_attendance_student_key.07966e2b87: ROLLBACK
[0m11:43:22.696717 [debug] [Thread-2 (]: On test.stride_accountability.not_null_int_student_behavior_student_key.b4733205e3: BEGIN
[0m11:43:22.699156 [debug] [Thread-4 (]: On test.stride_accountability.not_null_int_student_attendance_school_year.bf6793ab59: ROLLBACK
[0m11:43:22.700683 [debug] [Thread-1 (]: Failed to rollback 'test.stride_accountability.not_null_int_student_behavior_school_year.ffbcd68981'
[0m11:43:22.702208 [debug] [Thread-3 (]: Failed to rollback 'test.stride_accountability.not_null_int_student_attendance_student_key.07966e2b87'
[0m11:43:22.703072 [debug] [Thread-2 (]: Opening a new connection, currently in state closed
[0m11:43:22.704595 [debug] [Thread-4 (]: Failed to rollback 'test.stride_accountability.not_null_int_student_attendance_school_year.bf6793ab59'
[0m11:43:22.705433 [debug] [Thread-1 (]: On test.stride_accountability.not_null_int_student_behavior_school_year.ffbcd68981: Close
[0m11:43:22.706291 [debug] [Thread-3 (]: On test.stride_accountability.not_null_int_student_attendance_student_key.07966e2b87: Close
[0m11:43:22.707661 [debug] [Thread-4 (]: On test.stride_accountability.not_null_int_student_attendance_school_year.bf6793ab59: Close
[0m11:43:22.708424 [debug] [Thread-2 (]: SQL status: OK in 0.005 seconds
[0m11:43:22.709686 [info ] [Thread-1 (]: 7 of 23 PASS not_null_int_student_behavior_school_year ......................... [[32mPASS[0m in 0.16s]
[0m11:43:22.711020 [info ] [Thread-3 (]: 6 of 23 PASS not_null_int_student_attendance_student_key ....................... [[32mPASS[0m in 0.16s]
[0m11:43:22.712192 [info ] [Thread-4 (]: 5 of 23 PASS not_null_int_student_attendance_school_year ....................... [[32mPASS[0m in 0.17s]
[0m11:43:22.712960 [debug] [Thread-2 (]: Using duckdb connection "test.stride_accountability.not_null_int_student_behavior_student_key.b4733205e3"
[0m11:43:22.714033 [debug] [Thread-1 (]: Finished running node test.stride_accountability.not_null_int_student_behavior_school_year.ffbcd68981
[0m11:43:22.715077 [debug] [Thread-3 (]: Finished running node test.stride_accountability.not_null_int_student_attendance_student_key.07966e2b87
[0m11:43:22.716071 [debug] [Thread-4 (]: Finished running node test.stride_accountability.not_null_int_student_attendance_school_year.bf6793ab59
[0m11:43:22.716918 [debug] [Thread-2 (]: On test.stride_accountability.not_null_int_student_behavior_student_key.b4733205e3: /* {"app": "dbt", "dbt_version": "1.11.2", "profile_name": "stride_accountability", "target_name": "dev", "node_id": "test.stride_accountability.not_null_int_student_behavior_student_key.b4733205e3"} */

    select
      count(*) as failures,
      count(*) != 0 as should_warn,
      count(*) != 0 as should_error
    from (
      
    
  
    
    



select student_key
from "school_analytics"."main"."int_student_behavior"
where student_key is null



  
  
      
    ) dbt_internal_test
[0m11:43:22.717871 [debug] [Thread-1 (]: Began running node test.stride_accountability.not_null_int_student_course_performance_school_year.c1724dc2f3
[0m11:43:22.718695 [debug] [Thread-3 (]: Began running node test.stride_accountability.not_null_int_student_course_performance_student_key.1d3b688c11
[0m11:43:22.719493 [debug] [Thread-4 (]: Began running node test.stride_accountability.not_null_mart_school_year_summary_school_year.7cf934123c
[0m11:43:22.720766 [info ] [Thread-1 (]: 9 of 23 START test not_null_int_student_course_performance_school_year ......... [RUN]
[0m11:43:22.722617 [debug] [Thread-2 (]: SQL status: OK in 0.002 seconds
[0m11:43:22.721682 [info ] [Thread-3 (]: 10 of 23 START test not_null_int_student_course_performance_student_key ........ [RUN]
[0m11:43:22.728807 [debug] [Thread-3 (]: Re-using an available connection from the pool (formerly test.stride_accountability.not_null_int_student_attendance_student_key.07966e2b87, now test.stride_accountability.not_null_int_student_course_performance_student_key.1d3b688c11)
[0m11:43:22.724814 [debug] [Thread-1 (]: Re-using an available connection from the pool (formerly test.stride_accountability.not_null_int_student_behavior_school_year.ffbcd68981, now test.stride_accountability.not_null_int_student_course_performance_school_year.c1724dc2f3)
[0m11:43:22.727928 [debug] [Thread-2 (]: On test.stride_accountability.not_null_int_student_behavior_student_key.b4733205e3: ROLLBACK
[0m11:43:22.723301 [info ] [Thread-4 (]: 11 of 23 START test not_null_mart_school_year_summary_school_year .............. [RUN]
[0m11:43:22.729735 [debug] [Thread-3 (]: Began compiling node test.stride_accountability.not_null_int_student_course_performance_student_key.1d3b688c11
[0m11:43:22.730961 [debug] [Thread-1 (]: Began compiling node test.stride_accountability.not_null_int_student_course_performance_school_year.c1724dc2f3
[0m11:43:22.732709 [debug] [Thread-2 (]: Failed to rollback 'test.stride_accountability.not_null_int_student_behavior_student_key.b4733205e3'
[0m11:43:22.733501 [debug] [Thread-4 (]: Re-using an available connection from the pool (formerly test.stride_accountability.not_null_int_student_attendance_school_year.bf6793ab59, now test.stride_accountability.not_null_mart_school_year_summary_school_year.7cf934123c)
[0m11:43:22.742333 [debug] [Thread-3 (]: Writing injected SQL for node "test.stride_accountability.not_null_int_student_course_performance_student_key.1d3b688c11"
[0m11:43:22.748607 [debug] [Thread-1 (]: Writing injected SQL for node "test.stride_accountability.not_null_int_student_course_performance_school_year.c1724dc2f3"
[0m11:43:22.749591 [debug] [Thread-2 (]: On test.stride_accountability.not_null_int_student_behavior_student_key.b4733205e3: Close
[0m11:43:22.750533 [debug] [Thread-4 (]: Began compiling node test.stride_accountability.not_null_mart_school_year_summary_school_year.7cf934123c
[0m11:43:22.757833 [info ] [Thread-2 (]: 8 of 23 PASS not_null_int_student_behavior_student_key ......................... [[32mPASS[0m in 0.18s]
[0m11:43:22.760266 [debug] [Thread-4 (]: Writing injected SQL for node "test.stride_accountability.not_null_mart_school_year_summary_school_year.7cf934123c"
[0m11:43:22.761616 [debug] [Thread-2 (]: Finished running node test.stride_accountability.not_null_int_student_behavior_student_key.b4733205e3
[0m11:43:22.765261 [debug] [Thread-2 (]: Began running node test.stride_accountability.not_null_mart_student_accountability_school_year.4438bae97e
[0m11:43:22.770005 [info ] [Thread-2 (]: 12 of 23 START test not_null_mart_student_accountability_school_year ........... [RUN]
[0m11:43:22.774928 [debug] [Thread-2 (]: Re-using an available connection from the pool (formerly test.stride_accountability.not_null_int_student_behavior_student_key.b4733205e3, now test.stride_accountability.not_null_mart_student_accountability_school_year.4438bae97e)
[0m11:43:22.780051 [debug] [Thread-2 (]: Began compiling node test.stride_accountability.not_null_mart_student_accountability_school_year.4438bae97e
[0m11:43:22.776908 [debug] [Thread-3 (]: Began executing node test.stride_accountability.not_null_int_student_course_performance_student_key.1d3b688c11
[0m11:43:22.794295 [debug] [Thread-1 (]: Began executing node test.stride_accountability.not_null_int_student_course_performance_school_year.c1724dc2f3
[0m11:43:22.793200 [debug] [Thread-2 (]: Writing injected SQL for node "test.stride_accountability.not_null_mart_student_accountability_school_year.4438bae97e"
[0m11:43:22.798207 [debug] [Thread-3 (]: Writing runtime sql for node "test.stride_accountability.not_null_int_student_course_performance_student_key.1d3b688c11"
[0m11:43:22.798904 [debug] [Thread-4 (]: Began executing node test.stride_accountability.not_null_mart_school_year_summary_school_year.7cf934123c
[0m11:43:22.802678 [debug] [Thread-1 (]: Writing runtime sql for node "test.stride_accountability.not_null_int_student_course_performance_school_year.c1724dc2f3"
[0m11:43:22.807719 [debug] [Thread-4 (]: Writing runtime sql for node "test.stride_accountability.not_null_mart_school_year_summary_school_year.7cf934123c"
[0m11:43:22.843977 [debug] [Thread-3 (]: Using duckdb connection "test.stride_accountability.not_null_int_student_course_performance_student_key.1d3b688c11"
[0m11:43:22.845829 [debug] [Thread-2 (]: Began executing node test.stride_accountability.not_null_mart_student_accountability_school_year.4438bae97e
[0m11:43:22.848386 [debug] [Thread-3 (]: On test.stride_accountability.not_null_int_student_course_performance_student_key.1d3b688c11: BEGIN
[0m11:43:22.858099 [debug] [Thread-2 (]: Writing runtime sql for node "test.stride_accountability.not_null_mart_student_accountability_school_year.4438bae97e"
[0m11:43:22.859141 [debug] [Thread-1 (]: Using duckdb connection "test.stride_accountability.not_null_int_student_course_performance_school_year.c1724dc2f3"
[0m11:43:22.860737 [debug] [Thread-3 (]: Opening a new connection, currently in state closed
[0m11:43:22.862986 [debug] [Thread-1 (]: On test.stride_accountability.not_null_int_student_course_performance_school_year.c1724dc2f3: BEGIN
[0m11:43:22.864278 [debug] [Thread-4 (]: Using duckdb connection "test.stride_accountability.not_null_mart_school_year_summary_school_year.7cf934123c"
[0m11:43:22.867251 [debug] [Thread-1 (]: Opening a new connection, currently in state closed
[0m11:43:22.868244 [debug] [Thread-3 (]: SQL status: OK in 0.007 seconds
[0m11:43:22.869590 [debug] [Thread-4 (]: On test.stride_accountability.not_null_mart_school_year_summary_school_year.7cf934123c: BEGIN
[0m11:43:22.873608 [debug] [Thread-1 (]: SQL status: OK in 0.006 seconds
[0m11:43:22.879008 [debug] [Thread-1 (]: Using duckdb connection "test.stride_accountability.not_null_int_student_course_performance_school_year.c1724dc2f3"
[0m11:43:22.879929 [debug] [Thread-1 (]: On test.stride_accountability.not_null_int_student_course_performance_school_year.c1724dc2f3: /* {"app": "dbt", "dbt_version": "1.11.2", "profile_name": "stride_accountability", "target_name": "dev", "node_id": "test.stride_accountability.not_null_int_student_course_performance_school_year.c1724dc2f3"} */

    select
      count(*) as failures,
      count(*) != 0 as should_warn,
      count(*) != 0 as should_error
    from (
      
    
  
    
    



select school_year
from "school_analytics"."main"."int_student_course_performance"
where school_year is null



  
  
      
    ) dbt_internal_test
[0m11:43:22.874882 [debug] [Thread-3 (]: Using duckdb connection "test.stride_accountability.not_null_int_student_course_performance_student_key.1d3b688c11"
[0m11:43:22.883440 [debug] [Thread-3 (]: On test.stride_accountability.not_null_int_student_course_performance_student_key.1d3b688c11: /* {"app": "dbt", "dbt_version": "1.11.2", "profile_name": "stride_accountability", "target_name": "dev", "node_id": "test.stride_accountability.not_null_int_student_course_performance_student_key.1d3b688c11"} */

    select
      count(*) as failures,
      count(*) != 0 as should_warn,
      count(*) != 0 as should_error
    from (
      
    
  
    
    



select student_key
from "school_analytics"."main"."int_student_course_performance"
where student_key is null



  
  
      
    ) dbt_internal_test
[0m11:43:22.881046 [debug] [Thread-2 (]: Using duckdb connection "test.stride_accountability.not_null_mart_student_accountability_school_year.4438bae97e"
[0m11:43:22.876608 [debug] [Thread-4 (]: Opening a new connection, currently in state closed
[0m11:43:22.885690 [debug] [Thread-1 (]: SQL status: OK in 0.003 seconds
[0m11:43:22.887537 [debug] [Thread-3 (]: SQL status: OK in 0.001 seconds
[0m11:43:22.888331 [debug] [Thread-2 (]: On test.stride_accountability.not_null_mart_student_accountability_school_year.4438bae97e: BEGIN
[0m11:43:22.891283 [debug] [Thread-1 (]: On test.stride_accountability.not_null_int_student_course_performance_school_year.c1724dc2f3: ROLLBACK
[0m11:43:22.891972 [debug] [Thread-4 (]: SQL status: OK in 0.015 seconds
[0m11:43:22.894438 [debug] [Thread-3 (]: On test.stride_accountability.not_null_int_student_course_performance_student_key.1d3b688c11: ROLLBACK
[0m11:43:22.895092 [debug] [Thread-2 (]: Opening a new connection, currently in state closed
[0m11:43:22.896818 [debug] [Thread-1 (]: Failed to rollback 'test.stride_accountability.not_null_int_student_course_performance_school_year.c1724dc2f3'
[0m11:43:22.897454 [debug] [Thread-4 (]: Using duckdb connection "test.stride_accountability.not_null_mart_school_year_summary_school_year.7cf934123c"
[0m11:43:22.899066 [debug] [Thread-3 (]: Failed to rollback 'test.stride_accountability.not_null_int_student_course_performance_student_key.1d3b688c11'
[0m11:43:22.900220 [debug] [Thread-2 (]: SQL status: OK in 0.005 seconds
[0m11:43:22.900999 [debug] [Thread-1 (]: On test.stride_accountability.not_null_int_student_course_performance_school_year.c1724dc2f3: Close
[0m11:43:22.901823 [debug] [Thread-4 (]: On test.stride_accountability.not_null_mart_school_year_summary_school_year.7cf934123c: /* {"app": "dbt", "dbt_version": "1.11.2", "profile_name": "stride_accountability", "target_name": "dev", "node_id": "test.stride_accountability.not_null_mart_school_year_summary_school_year.7cf934123c"} */

    select
      count(*) as failures,
      count(*) != 0 as should_warn,
      count(*) != 0 as should_error
    from (
      
    
  
    
    



select school_year
from "school_analytics"."main"."mart_school_year_summary"
where school_year is null



  
  
      
    ) dbt_internal_test
[0m11:43:22.902614 [debug] [Thread-3 (]: On test.stride_accountability.not_null_int_student_course_performance_student_key.1d3b688c11: Close
[0m11:43:22.903480 [debug] [Thread-2 (]: Using duckdb connection "test.stride_accountability.not_null_mart_student_accountability_school_year.4438bae97e"
[0m11:43:22.905387 [info ] [Thread-1 (]: 9 of 23 PASS not_null_int_student_course_performance_school_year ............... [[32mPASS[0m in 0.18s]
[0m11:43:22.907454 [debug] [Thread-4 (]: SQL status: OK in 0.003 seconds
[0m11:43:22.906748 [info ] [Thread-3 (]: 10 of 23 PASS not_null_int_student_course_performance_student_key .............. [[32mPASS[0m in 0.18s]
[0m11:43:22.908332 [debug] [Thread-2 (]: On test.stride_accountability.not_null_mart_student_accountability_school_year.4438bae97e: /* {"app": "dbt", "dbt_version": "1.11.2", "profile_name": "stride_accountability", "target_name": "dev", "node_id": "test.stride_accountability.not_null_mart_student_accountability_school_year.4438bae97e"} */

    select
      count(*) as failures,
      count(*) != 0 as should_warn,
      count(*) != 0 as should_error
    from (
      
    
  
    
    



select school_year
from "school_analytics"."main"."mart_student_accountability"
where school_year is null



  
  
      
    ) dbt_internal_test
[0m11:43:22.909380 [debug] [Thread-1 (]: Finished running node test.stride_accountability.not_null_int_student_course_performance_school_year.c1724dc2f3
[0m11:43:22.911891 [debug] [Thread-4 (]: On test.stride_accountability.not_null_mart_school_year_summary_school_year.7cf934123c: ROLLBACK
[0m11:43:22.912888 [debug] [Thread-3 (]: Finished running node test.stride_accountability.not_null_int_student_course_performance_student_key.1d3b688c11
[0m11:43:22.914225 [debug] [Thread-1 (]: Began running node test.stride_accountability.not_null_mart_student_accountability_student_key.8e1fa18a00
[0m11:43:22.915206 [debug] [Thread-2 (]: SQL status: OK in 0.001 seconds
[0m11:43:22.916867 [debug] [Thread-4 (]: Failed to rollback 'test.stride_accountability.not_null_mart_school_year_summary_school_year.7cf934123c'
[0m11:43:22.917621 [debug] [Thread-3 (]: Began running node test.stride_accountability.not_null_stg_assignments_assignment_key.3eb0ac2e47
[0m11:43:22.918547 [info ] [Thread-1 (]: 13 of 23 START test not_null_mart_student_accountability_student_key ........... [RUN]
[0m11:43:22.921249 [debug] [Thread-2 (]: On test.stride_accountability.not_null_mart_student_accountability_school_year.4438bae97e: ROLLBACK
[0m11:43:22.921936 [debug] [Thread-4 (]: On test.stride_accountability.not_null_mart_school_year_summary_school_year.7cf934123c: Close
[0m11:43:22.922800 [info ] [Thread-3 (]: 14 of 23 START test not_null_stg_assignments_assignment_key .................... [RUN]
[0m11:43:22.923855 [debug] [Thread-1 (]: Re-using an available connection from the pool (formerly test.stride_accountability.not_null_int_student_course_performance_school_year.c1724dc2f3, now test.stride_accountability.not_null_mart_student_accountability_student_key.8e1fa18a00)
[0m11:43:22.925542 [debug] [Thread-2 (]: Failed to rollback 'test.stride_accountability.not_null_mart_student_accountability_school_year.4438bae97e'
[0m11:43:22.926901 [info ] [Thread-4 (]: 11 of 23 PASS not_null_mart_school_year_summary_school_year .................... [[32mPASS[0m in 0.19s]
[0m11:43:22.927798 [debug] [Thread-3 (]: Re-using an available connection from the pool (formerly test.stride_accountability.not_null_int_student_course_performance_student_key.1d3b688c11, now test.stride_accountability.not_null_stg_assignments_assignment_key.3eb0ac2e47)
[0m11:43:22.929167 [debug] [Thread-1 (]: Began compiling node test.stride_accountability.not_null_mart_student_accountability_student_key.8e1fa18a00
[0m11:43:22.930214 [debug] [Thread-2 (]: On test.stride_accountability.not_null_mart_student_accountability_school_year.4438bae97e: Close
[0m11:43:22.931348 [debug] [Thread-4 (]: Finished running node test.stride_accountability.not_null_mart_school_year_summary_school_year.7cf934123c
[0m11:43:22.932137 [debug] [Thread-3 (]: Began compiling node test.stride_accountability.not_null_stg_assignments_assignment_key.3eb0ac2e47
[0m11:43:22.939047 [debug] [Thread-1 (]: Writing injected SQL for node "test.stride_accountability.not_null_mart_student_accountability_student_key.8e1fa18a00"
[0m11:43:22.940311 [info ] [Thread-2 (]: 12 of 23 PASS not_null_mart_student_accountability_school_year ................. [[32mPASS[0m in 0.17s]
[0m11:43:22.941117 [debug] [Thread-4 (]: Began running node test.stride_accountability.not_null_stg_attendance_daily_att_daily_key.9b1b311f8d
[0m11:43:22.947399 [debug] [Thread-3 (]: Writing injected SQL for node "test.stride_accountability.not_null_stg_assignments_assignment_key.3eb0ac2e47"
[0m11:43:22.949062 [debug] [Thread-2 (]: Finished running node test.stride_accountability.not_null_mart_student_accountability_school_year.4438bae97e
[0m11:43:22.950120 [info ] [Thread-4 (]: 15 of 23 START test not_null_stg_attendance_daily_att_daily_key ................ [RUN]
[0m11:43:22.953423 [debug] [Thread-2 (]: Began running node test.stride_accountability.not_null_stg_attendance_quarter_att_quarter_key.98b5ed35b1
[0m11:43:22.955606 [debug] [Thread-4 (]: Re-using an available connection from the pool (formerly test.stride_accountability.not_null_mart_school_year_summary_school_year.7cf934123c, now test.stride_accountability.not_null_stg_attendance_daily_att_daily_key.9b1b311f8d)
[0m11:43:22.959789 [debug] [Thread-4 (]: Began compiling node test.stride_accountability.not_null_stg_attendance_daily_att_daily_key.9b1b311f8d
[0m11:43:22.958601 [info ] [Thread-2 (]: 16 of 23 START test not_null_stg_attendance_quarter_att_quarter_key ............ [RUN]
[0m11:43:22.968287 [debug] [Thread-1 (]: Began executing node test.stride_accountability.not_null_mart_student_accountability_student_key.8e1fa18a00
[0m11:43:22.974595 [debug] [Thread-2 (]: Re-using an available connection from the pool (formerly test.stride_accountability.not_null_mart_student_accountability_school_year.4438bae97e, now test.stride_accountability.not_null_stg_attendance_quarter_att_quarter_key.98b5ed35b1)
[0m11:43:22.980253 [debug] [Thread-2 (]: Began compiling node test.stride_accountability.not_null_stg_attendance_quarter_att_quarter_key.98b5ed35b1
[0m11:43:22.979290 [debug] [Thread-1 (]: Writing runtime sql for node "test.stride_accountability.not_null_mart_student_accountability_student_key.8e1fa18a00"
[0m11:43:22.974083 [debug] [Thread-4 (]: Writing injected SQL for node "test.stride_accountability.not_null_stg_attendance_daily_att_daily_key.9b1b311f8d"
[0m11:43:22.988318 [debug] [Thread-2 (]: Writing injected SQL for node "test.stride_accountability.not_null_stg_attendance_quarter_att_quarter_key.98b5ed35b1"
[0m11:43:22.989047 [debug] [Thread-3 (]: Began executing node test.stride_accountability.not_null_stg_assignments_assignment_key.3eb0ac2e47
[0m11:43:22.997128 [debug] [Thread-3 (]: Writing runtime sql for node "test.stride_accountability.not_null_stg_assignments_assignment_key.3eb0ac2e47"
[0m11:43:23.009004 [debug] [Thread-1 (]: Using duckdb connection "test.stride_accountability.not_null_mart_student_accountability_student_key.8e1fa18a00"
[0m11:43:23.016368 [debug] [Thread-1 (]: On test.stride_accountability.not_null_mart_student_accountability_student_key.8e1fa18a00: BEGIN
[0m11:43:23.026516 [debug] [Thread-1 (]: Opening a new connection, currently in state closed
[0m11:43:23.025339 [debug] [Thread-2 (]: Began executing node test.stride_accountability.not_null_stg_attendance_quarter_att_quarter_key.98b5ed35b1
[0m11:43:23.014054 [debug] [Thread-4 (]: Began executing node test.stride_accountability.not_null_stg_attendance_daily_att_daily_key.9b1b311f8d
[0m11:43:23.030369 [debug] [Thread-1 (]: SQL status: OK in 0.004 seconds
[0m11:43:23.038480 [debug] [Thread-2 (]: Writing runtime sql for node "test.stride_accountability.not_null_stg_attendance_quarter_att_quarter_key.98b5ed35b1"
[0m11:43:23.039566 [debug] [Thread-3 (]: Using duckdb connection "test.stride_accountability.not_null_stg_assignments_assignment_key.3eb0ac2e47"
[0m11:43:23.043552 [debug] [Thread-4 (]: Writing runtime sql for node "test.stride_accountability.not_null_stg_attendance_daily_att_daily_key.9b1b311f8d"
[0m11:43:23.044543 [debug] [Thread-1 (]: Using duckdb connection "test.stride_accountability.not_null_mart_student_accountability_student_key.8e1fa18a00"
[0m11:43:23.047323 [debug] [Thread-1 (]: On test.stride_accountability.not_null_mart_student_accountability_student_key.8e1fa18a00: /* {"app": "dbt", "dbt_version": "1.11.2", "profile_name": "stride_accountability", "target_name": "dev", "node_id": "test.stride_accountability.not_null_mart_student_accountability_student_key.8e1fa18a00"} */

    select
      count(*) as failures,
      count(*) != 0 as should_warn,
      count(*) != 0 as should_error
    from (
      
    
  
    
    



select student_key
from "school_analytics"."main"."mart_student_accountability"
where student_key is null



  
  
      
    ) dbt_internal_test
[0m11:43:23.045927 [debug] [Thread-3 (]: On test.stride_accountability.not_null_stg_assignments_assignment_key.3eb0ac2e47: BEGIN
[0m11:43:23.049200 [debug] [Thread-3 (]: Opening a new connection, currently in state closed
[0m11:43:23.051597 [debug] [Thread-3 (]: SQL status: OK in 0.002 seconds
[0m11:43:23.054170 [debug] [Thread-3 (]: Using duckdb connection "test.stride_accountability.not_null_stg_assignments_assignment_key.3eb0ac2e47"
[0m11:43:23.050200 [debug] [Thread-1 (]: SQL status: OK in 0.002 seconds
[0m11:43:23.055322 [debug] [Thread-3 (]: On test.stride_accountability.not_null_stg_assignments_assignment_key.3eb0ac2e47: /* {"app": "dbt", "dbt_version": "1.11.2", "profile_name": "stride_accountability", "target_name": "dev", "node_id": "test.stride_accountability.not_null_stg_assignments_assignment_key.3eb0ac2e47"} */

    select
      count(*) as failures,
      count(*) != 0 as should_warn,
      count(*) != 0 as should_error
    from (
      
    
  
    
    



select assignment_key
from "school_analytics"."main"."stg_assignments"
where assignment_key is null



  
  
      
    ) dbt_internal_test
[0m11:43:23.062985 [debug] [Thread-2 (]: Using duckdb connection "test.stride_accountability.not_null_stg_attendance_quarter_att_quarter_key.98b5ed35b1"
[0m11:43:23.061449 [debug] [Thread-1 (]: On test.stride_accountability.not_null_mart_student_accountability_student_key.8e1fa18a00: ROLLBACK
[0m11:43:23.071247 [debug] [Thread-1 (]: Failed to rollback 'test.stride_accountability.not_null_mart_student_accountability_student_key.8e1fa18a00'
[0m11:43:23.068099 [debug] [Thread-4 (]: Using duckdb connection "test.stride_accountability.not_null_stg_attendance_daily_att_daily_key.9b1b311f8d"
[0m11:43:23.072057 [debug] [Thread-3 (]: SQL status: OK in 0.008 seconds
[0m11:43:23.066595 [debug] [Thread-2 (]: On test.stride_accountability.not_null_stg_attendance_quarter_att_quarter_key.98b5ed35b1: BEGIN
[0m11:43:23.076184 [debug] [Thread-2 (]: Opening a new connection, currently in state closed
[0m11:43:23.074091 [debug] [Thread-4 (]: On test.stride_accountability.not_null_stg_attendance_daily_att_daily_key.9b1b311f8d: BEGIN
[0m11:43:23.073020 [debug] [Thread-1 (]: On test.stride_accountability.not_null_mart_student_accountability_student_key.8e1fa18a00: Close
[0m11:43:23.078831 [debug] [Thread-3 (]: On test.stride_accountability.not_null_stg_assignments_assignment_key.3eb0ac2e47: ROLLBACK
[0m11:43:23.080710 [debug] [Thread-4 (]: Opening a new connection, currently in state closed
[0m11:43:23.081718 [debug] [Thread-2 (]: SQL status: OK in 0.006 seconds
[0m11:43:23.084107 [debug] [Thread-3 (]: Failed to rollback 'test.stride_accountability.not_null_stg_assignments_assignment_key.3eb0ac2e47'
[0m11:43:23.085235 [info ] [Thread-1 (]: 13 of 23 PASS not_null_mart_student_accountability_student_key ................. [[32mPASS[0m in 0.16s]
[0m11:43:23.086980 [debug] [Thread-2 (]: Using duckdb connection "test.stride_accountability.not_null_stg_attendance_quarter_att_quarter_key.98b5ed35b1"
[0m11:43:23.087866 [debug] [Thread-4 (]: SQL status: OK in 0.007 seconds
[0m11:43:23.088703 [debug] [Thread-3 (]: On test.stride_accountability.not_null_stg_assignments_assignment_key.3eb0ac2e47: Close
[0m11:43:23.089936 [debug] [Thread-1 (]: Finished running node test.stride_accountability.not_null_mart_student_accountability_student_key.8e1fa18a00
[0m11:43:23.090750 [debug] [Thread-2 (]: On test.stride_accountability.not_null_stg_attendance_quarter_att_quarter_key.98b5ed35b1: /* {"app": "dbt", "dbt_version": "1.11.2", "profile_name": "stride_accountability", "target_name": "dev", "node_id": "test.stride_accountability.not_null_stg_attendance_quarter_att_quarter_key.98b5ed35b1"} */

    select
      count(*) as failures,
      count(*) != 0 as should_warn,
      count(*) != 0 as should_error
    from (
      
    
  
    
    



select att_quarter_key
from "school_analytics"."main"."stg_attendance_quarter"
where att_quarter_key is null



  
  
      
    ) dbt_internal_test
[0m11:43:23.091575 [debug] [Thread-4 (]: Using duckdb connection "test.stride_accountability.not_null_stg_attendance_daily_att_daily_key.9b1b311f8d"
[0m11:43:23.095147 [debug] [Thread-4 (]: On test.stride_accountability.not_null_stg_attendance_daily_att_daily_key.9b1b311f8d: /* {"app": "dbt", "dbt_version": "1.11.2", "profile_name": "stride_accountability", "target_name": "dev", "node_id": "test.stride_accountability.not_null_stg_attendance_daily_att_daily_key.9b1b311f8d"} */

    select
      count(*) as failures,
      count(*) != 0 as should_warn,
      count(*) != 0 as should_error
    from (
      
    
  
    
    



select att_daily_key
from "school_analytics"."main"."stg_attendance_daily"
where att_daily_key is null



  
  
      
    ) dbt_internal_test
[0m11:43:23.093616 [info ] [Thread-3 (]: 14 of 23 PASS not_null_stg_assignments_assignment_key .......................... [[32mPASS[0m in 0.17s]
[0m11:43:23.092637 [debug] [Thread-1 (]: Began running node test.stride_accountability.not_null_stg_grades_grade_key.8c55098855
[0m11:43:23.097713 [debug] [Thread-2 (]: SQL status: OK in 0.003 seconds
[0m11:43:23.099243 [debug] [Thread-3 (]: Finished running node test.stride_accountability.not_null_stg_assignments_assignment_key.3eb0ac2e47
[0m11:43:23.100641 [debug] [Thread-4 (]: SQL status: OK in 0.005 seconds
[0m11:43:23.101417 [info ] [Thread-1 (]: 17 of 23 START test not_null_stg_grades_grade_key .............................. [RUN]
[0m11:43:23.106196 [debug] [Thread-1 (]: Re-using an available connection from the pool (formerly test.stride_accountability.not_null_mart_student_accountability_student_key.8e1fa18a00, now test.stride_accountability.not_null_stg_grades_grade_key.8c55098855)
[0m11:43:23.104930 [debug] [Thread-2 (]: On test.stride_accountability.not_null_stg_attendance_quarter_att_quarter_key.98b5ed35b1: ROLLBACK
[0m11:43:23.102647 [debug] [Thread-3 (]: Began running node test.stride_accountability.not_null_stg_students_student_key.7b12276437
[0m11:43:23.108592 [debug] [Thread-4 (]: On test.stride_accountability.not_null_stg_attendance_daily_att_daily_key.9b1b311f8d: ROLLBACK
[0m11:43:23.109306 [debug] [Thread-1 (]: Began compiling node test.stride_accountability.not_null_stg_grades_grade_key.8c55098855
[0m11:43:23.111081 [debug] [Thread-2 (]: Failed to rollback 'test.stride_accountability.not_null_stg_attendance_quarter_att_quarter_key.98b5ed35b1'
[0m11:43:23.111768 [info ] [Thread-3 (]: 18 of 23 START test not_null_stg_students_student_key .......................... [RUN]
[0m11:43:23.113651 [debug] [Thread-4 (]: Failed to rollback 'test.stride_accountability.not_null_stg_attendance_daily_att_daily_key.9b1b311f8d'
[0m11:43:23.121360 [debug] [Thread-1 (]: Writing injected SQL for node "test.stride_accountability.not_null_stg_grades_grade_key.8c55098855"
[0m11:43:23.122528 [debug] [Thread-2 (]: On test.stride_accountability.not_null_stg_attendance_quarter_att_quarter_key.98b5ed35b1: Close
[0m11:43:23.123606 [debug] [Thread-3 (]: Re-using an available connection from the pool (formerly test.stride_accountability.not_null_stg_assignments_assignment_key.3eb0ac2e47, now test.stride_accountability.not_null_stg_students_student_key.7b12276437)
[0m11:43:23.126759 [debug] [Thread-3 (]: Began compiling node test.stride_accountability.not_null_stg_students_student_key.7b12276437
[0m11:43:23.125100 [debug] [Thread-4 (]: On test.stride_accountability.not_null_stg_attendance_daily_att_daily_key.9b1b311f8d: Close
[0m11:43:23.128146 [info ] [Thread-2 (]: 16 of 23 PASS not_null_stg_attendance_quarter_att_quarter_key .................. [[32mPASS[0m in 0.15s]
[0m11:43:23.136589 [debug] [Thread-3 (]: Writing injected SQL for node "test.stride_accountability.not_null_stg_students_student_key.7b12276437"
[0m11:43:23.138022 [info ] [Thread-4 (]: 15 of 23 PASS not_null_stg_attendance_daily_att_daily_key ...................... [[32mPASS[0m in 0.18s]
[0m11:43:23.140729 [debug] [Thread-2 (]: Finished running node test.stride_accountability.not_null_stg_attendance_quarter_att_quarter_key.98b5ed35b1
[0m11:43:23.151533 [debug] [Thread-2 (]: Began running node test.stride_accountability.unique_stg_assignments_assignment_key.b0401459e0
[0m11:43:23.147590 [debug] [Thread-1 (]: Began executing node test.stride_accountability.not_null_stg_grades_grade_key.8c55098855
[0m11:43:23.145688 [debug] [Thread-4 (]: Finished running node test.stride_accountability.not_null_stg_attendance_daily_att_daily_key.9b1b311f8d
[0m11:43:23.154087 [info ] [Thread-2 (]: 19 of 23 START test unique_stg_assignments_assignment_key ...................... [RUN]
[0m11:43:23.160702 [debug] [Thread-1 (]: Writing runtime sql for node "test.stride_accountability.not_null_stg_grades_grade_key.8c55098855"
[0m11:43:23.176417 [debug] [Thread-4 (]: Began running node test.stride_accountability.unique_stg_attendance_daily_att_daily_key.16276d791b
[0m11:43:23.179752 [info ] [Thread-4 (]: 20 of 23 START test unique_stg_attendance_daily_att_daily_key .................. [RUN]
[0m11:43:23.181114 [debug] [Thread-4 (]: Re-using an available connection from the pool (formerly test.stride_accountability.not_null_stg_attendance_daily_att_daily_key.9b1b311f8d, now test.stride_accountability.unique_stg_attendance_daily_att_daily_key.16276d791b)
[0m11:43:23.177704 [debug] [Thread-2 (]: Re-using an available connection from the pool (formerly test.stride_accountability.not_null_stg_attendance_quarter_att_quarter_key.98b5ed35b1, now test.stride_accountability.unique_stg_assignments_assignment_key.b0401459e0)
[0m11:43:23.184373 [debug] [Thread-2 (]: Began compiling node test.stride_accountability.unique_stg_assignments_assignment_key.b0401459e0
[0m11:43:23.183051 [debug] [Thread-4 (]: Began compiling node test.stride_accountability.unique_stg_attendance_daily_att_daily_key.16276d791b
[0m11:43:23.182333 [debug] [Thread-3 (]: Began executing node test.stride_accountability.not_null_stg_students_student_key.7b12276437
[0m11:43:23.197730 [debug] [Thread-2 (]: Writing injected SQL for node "test.stride_accountability.unique_stg_assignments_assignment_key.b0401459e0"
[0m11:43:23.204266 [debug] [Thread-4 (]: Writing injected SQL for node "test.stride_accountability.unique_stg_attendance_daily_att_daily_key.16276d791b"
[0m11:43:23.210299 [debug] [Thread-3 (]: Writing runtime sql for node "test.stride_accountability.not_null_stg_students_student_key.7b12276437"
[0m11:43:23.214089 [debug] [Thread-1 (]: Using duckdb connection "test.stride_accountability.not_null_stg_grades_grade_key.8c55098855"
[0m11:43:23.217197 [debug] [Thread-1 (]: On test.stride_accountability.not_null_stg_grades_grade_key.8c55098855: BEGIN
[0m11:43:23.220594 [debug] [Thread-1 (]: Opening a new connection, currently in state closed
[0m11:43:23.224545 [debug] [Thread-1 (]: SQL status: OK in 0.004 seconds
[0m11:43:23.229127 [debug] [Thread-1 (]: Using duckdb connection "test.stride_accountability.not_null_stg_grades_grade_key.8c55098855"
[0m11:43:23.234545 [debug] [Thread-1 (]: On test.stride_accountability.not_null_stg_grades_grade_key.8c55098855: /* {"app": "dbt", "dbt_version": "1.11.2", "profile_name": "stride_accountability", "target_name": "dev", "node_id": "test.stride_accountability.not_null_stg_grades_grade_key.8c55098855"} */

    select
      count(*) as failures,
      count(*) != 0 as should_warn,
      count(*) != 0 as should_error
    from (
      
    
  
    
    



select grade_key
from "school_analytics"."main"."stg_grades"
where grade_key is null



  
  
      
    ) dbt_internal_test
[0m11:43:23.240042 [debug] [Thread-2 (]: Began executing node test.stride_accountability.unique_stg_assignments_assignment_key.b0401459e0
[0m11:43:23.241920 [debug] [Thread-1 (]: SQL status: OK in 0.004 seconds
[0m11:43:23.242957 [debug] [Thread-3 (]: Using duckdb connection "test.stride_accountability.not_null_stg_students_student_key.7b12276437"
[0m11:43:23.254365 [debug] [Thread-3 (]: On test.stride_accountability.not_null_stg_students_student_key.7b12276437: BEGIN
[0m11:43:23.252742 [debug] [Thread-2 (]: Writing runtime sql for node "test.stride_accountability.unique_stg_assignments_assignment_key.b0401459e0"
[0m11:43:23.251298 [debug] [Thread-4 (]: Began executing node test.stride_accountability.unique_stg_attendance_daily_att_daily_key.16276d791b
[0m11:43:23.256679 [debug] [Thread-1 (]: On test.stride_accountability.not_null_stg_grades_grade_key.8c55098855: ROLLBACK
[0m11:43:23.257544 [debug] [Thread-3 (]: Opening a new connection, currently in state closed
[0m11:43:23.262403 [debug] [Thread-4 (]: Writing runtime sql for node "test.stride_accountability.unique_stg_attendance_daily_att_daily_key.16276d791b"
[0m11:43:23.264264 [debug] [Thread-1 (]: Failed to rollback 'test.stride_accountability.not_null_stg_grades_grade_key.8c55098855'
[0m11:43:23.265958 [debug] [Thread-3 (]: SQL status: OK in 0.008 seconds
[0m11:43:23.272517 [debug] [Thread-3 (]: Using duckdb connection "test.stride_accountability.not_null_stg_students_student_key.7b12276437"
[0m11:43:23.270034 [debug] [Thread-1 (]: On test.stride_accountability.not_null_stg_grades_grade_key.8c55098855: Close
[0m11:43:23.273940 [debug] [Thread-2 (]: Using duckdb connection "test.stride_accountability.unique_stg_assignments_assignment_key.b0401459e0"
[0m11:43:23.277714 [debug] [Thread-3 (]: On test.stride_accountability.not_null_stg_students_student_key.7b12276437: /* {"app": "dbt", "dbt_version": "1.11.2", "profile_name": "stride_accountability", "target_name": "dev", "node_id": "test.stride_accountability.not_null_stg_students_student_key.7b12276437"} */

    select
      count(*) as failures,
      count(*) != 0 as should_warn,
      count(*) != 0 as should_error
    from (
      
    
  
    
    



select student_key
from "school_analytics"."main"."stg_students"
where student_key is null



  
  
      
    ) dbt_internal_test
[0m11:43:23.280686 [info ] [Thread-1 (]: 17 of 23 PASS not_null_stg_grades_grade_key .................................... [[32mPASS[0m in 0.17s]
[0m11:43:23.282607 [debug] [Thread-2 (]: On test.stride_accountability.unique_stg_assignments_assignment_key.b0401459e0: BEGIN
[0m11:43:23.283925 [debug] [Thread-4 (]: Using duckdb connection "test.stride_accountability.unique_stg_attendance_daily_att_daily_key.16276d791b"
[0m11:43:23.285830 [debug] [Thread-1 (]: Finished running node test.stride_accountability.not_null_stg_grades_grade_key.8c55098855
[0m11:43:23.287937 [debug] [Thread-3 (]: SQL status: OK in 0.003 seconds
[0m11:43:23.288585 [debug] [Thread-2 (]: Opening a new connection, currently in state closed
[0m11:43:23.289551 [debug] [Thread-4 (]: On test.stride_accountability.unique_stg_attendance_daily_att_daily_key.16276d791b: BEGIN
[0m11:43:23.290521 [debug] [Thread-1 (]: Began running node test.stride_accountability.unique_stg_attendance_quarter_att_quarter_key.be92226425
[0m11:43:23.293280 [debug] [Thread-3 (]: On test.stride_accountability.not_null_stg_students_student_key.7b12276437: ROLLBACK
[0m11:43:23.294536 [debug] [Thread-2 (]: SQL status: OK in 0.006 seconds
[0m11:43:23.295330 [debug] [Thread-4 (]: Opening a new connection, currently in state closed
[0m11:43:23.296185 [info ] [Thread-1 (]: 21 of 23 START test unique_stg_attendance_quarter_att_quarter_key .............. [RUN]
[0m11:43:23.298708 [debug] [Thread-3 (]: Failed to rollback 'test.stride_accountability.not_null_stg_students_student_key.7b12276437'
[0m11:43:23.299429 [debug] [Thread-2 (]: Using duckdb connection "test.stride_accountability.unique_stg_assignments_assignment_key.b0401459e0"
[0m11:43:23.300933 [debug] [Thread-1 (]: Re-using an available connection from the pool (formerly test.stride_accountability.not_null_stg_grades_grade_key.8c55098855, now test.stride_accountability.unique_stg_attendance_quarter_att_quarter_key.be92226425)
[0m11:43:23.301750 [debug] [Thread-4 (]: SQL status: OK in 0.006 seconds
[0m11:43:23.302826 [debug] [Thread-3 (]: On test.stride_accountability.not_null_stg_students_student_key.7b12276437: Close
[0m11:43:23.304054 [debug] [Thread-2 (]: On test.stride_accountability.unique_stg_assignments_assignment_key.b0401459e0: /* {"app": "dbt", "dbt_version": "1.11.2", "profile_name": "stride_accountability", "target_name": "dev", "node_id": "test.stride_accountability.unique_stg_assignments_assignment_key.b0401459e0"} */

    select
      count(*) as failures,
      count(*) != 0 as should_warn,
      count(*) != 0 as should_error
    from (
      
    
  
    
    

select
    assignment_key as unique_field,
    count(*) as n_records

from "school_analytics"."main"."stg_assignments"
where assignment_key is not null
group by assignment_key
having count(*) > 1



  
  
      
    ) dbt_internal_test
[0m11:43:23.305101 [debug] [Thread-1 (]: Began compiling node test.stride_accountability.unique_stg_attendance_quarter_att_quarter_key.be92226425
[0m11:43:23.306070 [debug] [Thread-4 (]: Using duckdb connection "test.stride_accountability.unique_stg_attendance_daily_att_daily_key.16276d791b"
[0m11:43:23.307641 [info ] [Thread-3 (]: 18 of 23 PASS not_null_stg_students_student_key ................................ [[32mPASS[0m in 0.18s]
[0m11:43:23.323425 [debug] [Thread-4 (]: On test.stride_accountability.unique_stg_attendance_daily_att_daily_key.16276d791b: /* {"app": "dbt", "dbt_version": "1.11.2", "profile_name": "stride_accountability", "target_name": "dev", "node_id": "test.stride_accountability.unique_stg_attendance_daily_att_daily_key.16276d791b"} */

    select
      count(*) as failures,
      count(*) != 0 as should_warn,
      count(*) != 0 as should_error
    from (
      
    
  
    
    

select
    att_daily_key as unique_field,
    count(*) as n_records

from "school_analytics"."main"."stg_attendance_daily"
where att_daily_key is not null
group by att_daily_key
having count(*) > 1



  
  
      
    ) dbt_internal_test
[0m11:43:23.324555 [debug] [Thread-1 (]: Writing injected SQL for node "test.stride_accountability.unique_stg_attendance_quarter_att_quarter_key.be92226425"
[0m11:43:23.325997 [debug] [Thread-3 (]: Finished running node test.stride_accountability.not_null_stg_students_student_key.7b12276437
[0m11:43:23.333088 [debug] [Thread-3 (]: Began running node test.stride_accountability.unique_stg_grades_grade_key.fa32ede5ee
[0m11:43:23.336325 [info ] [Thread-3 (]: 22 of 23 START test unique_stg_grades_grade_key ................................ [RUN]
[0m11:43:23.339477 [debug] [Thread-3 (]: Re-using an available connection from the pool (formerly test.stride_accountability.not_null_stg_students_student_key.7b12276437, now test.stride_accountability.unique_stg_grades_grade_key.fa32ede5ee)
[0m11:43:23.344978 [debug] [Thread-3 (]: Began compiling node test.stride_accountability.unique_stg_grades_grade_key.fa32ede5ee
[0m11:43:23.359857 [debug] [Thread-3 (]: Writing injected SQL for node "test.stride_accountability.unique_stg_grades_grade_key.fa32ede5ee"
[0m11:43:23.363264 [debug] [Thread-1 (]: Began executing node test.stride_accountability.unique_stg_attendance_quarter_att_quarter_key.be92226425
[0m11:43:23.365892 [debug] [Thread-4 (]: SQL status: OK in 0.039 seconds
[0m11:43:23.372798 [debug] [Thread-1 (]: Writing runtime sql for node "test.stride_accountability.unique_stg_attendance_quarter_att_quarter_key.be92226425"
[0m11:43:23.377685 [debug] [Thread-4 (]: On test.stride_accountability.unique_stg_attendance_daily_att_daily_key.16276d791b: ROLLBACK
[0m11:43:23.393411 [debug] [Thread-4 (]: Failed to rollback 'test.stride_accountability.unique_stg_attendance_daily_att_daily_key.16276d791b'
[0m11:43:23.399541 [debug] [Thread-4 (]: On test.stride_accountability.unique_stg_attendance_daily_att_daily_key.16276d791b: Close
[0m11:43:23.401197 [debug] [Thread-3 (]: Began executing node test.stride_accountability.unique_stg_grades_grade_key.fa32ede5ee
[0m11:43:23.404908 [debug] [Thread-2 (]: SQL status: OK in 0.096 seconds
[0m11:43:23.411671 [debug] [Thread-3 (]: Writing runtime sql for node "test.stride_accountability.unique_stg_grades_grade_key.fa32ede5ee"
[0m11:43:23.412529 [debug] [Thread-1 (]: Using duckdb connection "test.stride_accountability.unique_stg_attendance_quarter_att_quarter_key.be92226425"
[0m11:43:23.413809 [info ] [Thread-4 (]: 20 of 23 PASS unique_stg_attendance_daily_att_daily_key ........................ [[32mPASS[0m in 0.23s]
[0m11:43:23.421295 [debug] [Thread-4 (]: Finished running node test.stride_accountability.unique_stg_attendance_daily_att_daily_key.16276d791b
[0m11:43:23.422745 [debug] [Thread-4 (]: Began running node test.stride_accountability.unique_stg_students_student_key.cb390c0f9d
[0m11:43:23.417017 [debug] [Thread-2 (]: On test.stride_accountability.unique_stg_assignments_assignment_key.b0401459e0: ROLLBACK
[0m11:43:23.418072 [debug] [Thread-1 (]: On test.stride_accountability.unique_stg_attendance_quarter_att_quarter_key.be92226425: BEGIN
[0m11:43:23.424907 [info ] [Thread-4 (]: 23 of 23 START test unique_stg_students_student_key ............................ [RUN]
[0m11:43:23.429044 [debug] [Thread-1 (]: Opening a new connection, currently in state closed
[0m11:43:23.430971 [debug] [Thread-2 (]: Failed to rollback 'test.stride_accountability.unique_stg_assignments_assignment_key.b0401459e0'
[0m11:43:23.432153 [debug] [Thread-3 (]: Using duckdb connection "test.stride_accountability.unique_stg_grades_grade_key.fa32ede5ee"
[0m11:43:23.433478 [debug] [Thread-4 (]: Re-using an available connection from the pool (formerly test.stride_accountability.unique_stg_attendance_daily_att_daily_key.16276d791b, now test.stride_accountability.unique_stg_students_student_key.cb390c0f9d)
[0m11:43:23.435544 [debug] [Thread-1 (]: SQL status: OK in 0.006 seconds
[0m11:43:23.436379 [debug] [Thread-2 (]: On test.stride_accountability.unique_stg_assignments_assignment_key.b0401459e0: Close
[0m11:43:23.437759 [debug] [Thread-3 (]: On test.stride_accountability.unique_stg_grades_grade_key.fa32ede5ee: BEGIN
[0m11:43:23.440620 [debug] [Thread-4 (]: Began compiling node test.stride_accountability.unique_stg_students_student_key.cb390c0f9d
[0m11:43:23.441539 [debug] [Thread-1 (]: Using duckdb connection "test.stride_accountability.unique_stg_attendance_quarter_att_quarter_key.be92226425"
[0m11:43:23.442635 [debug] [Thread-3 (]: Opening a new connection, currently in state closed
[0m11:43:23.443661 [info ] [Thread-2 (]: 19 of 23 PASS unique_stg_assignments_assignment_key ............................ [[32mPASS[0m in 0.27s]
[0m11:43:23.451673 [debug] [Thread-4 (]: Writing injected SQL for node "test.stride_accountability.unique_stg_students_student_key.cb390c0f9d"
[0m11:43:23.453304 [debug] [Thread-1 (]: On test.stride_accountability.unique_stg_attendance_quarter_att_quarter_key.be92226425: /* {"app": "dbt", "dbt_version": "1.11.2", "profile_name": "stride_accountability", "target_name": "dev", "node_id": "test.stride_accountability.unique_stg_attendance_quarter_att_quarter_key.be92226425"} */

    select
      count(*) as failures,
      count(*) != 0 as should_warn,
      count(*) != 0 as should_error
    from (
      
    
  
    
    

select
    att_quarter_key as unique_field,
    count(*) as n_records

from "school_analytics"."main"."stg_attendance_quarter"
where att_quarter_key is not null
group by att_quarter_key
having count(*) > 1



  
  
      
    ) dbt_internal_test
[0m11:43:23.455477 [debug] [Thread-2 (]: Finished running node test.stride_accountability.unique_stg_assignments_assignment_key.b0401459e0
[0m11:43:23.456412 [debug] [Thread-3 (]: SQL status: OK in 0.014 seconds
[0m11:43:23.461001 [debug] [Thread-3 (]: Using duckdb connection "test.stride_accountability.unique_stg_grades_grade_key.fa32ede5ee"
[0m11:43:23.462716 [debug] [Thread-3 (]: On test.stride_accountability.unique_stg_grades_grade_key.fa32ede5ee: /* {"app": "dbt", "dbt_version": "1.11.2", "profile_name": "stride_accountability", "target_name": "dev", "node_id": "test.stride_accountability.unique_stg_grades_grade_key.fa32ede5ee"} */

    select
      count(*) as failures,
      count(*) != 0 as should_warn,
      count(*) != 0 as should_error
    from (
      
    
  
    
    

select
    grade_key as unique_field,
    count(*) as n_records

from "school_analytics"."main"."stg_grades"
where grade_key is not null
group by grade_key
having count(*) > 1



  
  
      
    ) dbt_internal_test
[0m11:43:23.463990 [debug] [Thread-1 (]: SQL status: OK in 0.006 seconds
[0m11:43:23.473042 [debug] [Thread-1 (]: On test.stride_accountability.unique_stg_attendance_quarter_att_quarter_key.be92226425: ROLLBACK
[0m11:43:23.475731 [debug] [Thread-3 (]: SQL status: OK in 0.011 seconds
[0m11:43:23.477724 [debug] [Thread-1 (]: Failed to rollback 'test.stride_accountability.unique_stg_attendance_quarter_att_quarter_key.be92226425'
[0m11:43:23.479705 [debug] [Thread-1 (]: On test.stride_accountability.unique_stg_attendance_quarter_att_quarter_key.be92226425: Close
[0m11:43:23.478543 [debug] [Thread-4 (]: Began executing node test.stride_accountability.unique_stg_students_student_key.cb390c0f9d
[0m11:43:23.482056 [debug] [Thread-3 (]: On test.stride_accountability.unique_stg_grades_grade_key.fa32ede5ee: ROLLBACK
[0m11:43:23.486904 [debug] [Thread-4 (]: Writing runtime sql for node "test.stride_accountability.unique_stg_students_student_key.cb390c0f9d"
[0m11:43:23.487909 [info ] [Thread-1 (]: 21 of 23 PASS unique_stg_attendance_quarter_att_quarter_key .................... [[32mPASS[0m in 0.19s]
[0m11:43:23.491527 [debug] [Thread-1 (]: Finished running node test.stride_accountability.unique_stg_attendance_quarter_att_quarter_key.be92226425
[0m11:43:23.490075 [debug] [Thread-3 (]: Failed to rollback 'test.stride_accountability.unique_stg_grades_grade_key.fa32ede5ee'
[0m11:43:23.492895 [debug] [Thread-3 (]: On test.stride_accountability.unique_stg_grades_grade_key.fa32ede5ee: Close
[0m11:43:23.494753 [info ] [Thread-3 (]: 22 of 23 PASS unique_stg_grades_grade_key ...................................... [[32mPASS[0m in 0.16s]
[0m11:43:23.499325 [debug] [Thread-3 (]: Finished running node test.stride_accountability.unique_stg_grades_grade_key.fa32ede5ee
[0m11:43:23.504207 [debug] [Thread-4 (]: Using duckdb connection "test.stride_accountability.unique_stg_students_student_key.cb390c0f9d"
[0m11:43:23.505109 [debug] [Thread-4 (]: On test.stride_accountability.unique_stg_students_student_key.cb390c0f9d: BEGIN
[0m11:43:23.506096 [debug] [Thread-4 (]: Opening a new connection, currently in state closed
[0m11:43:23.508268 [debug] [Thread-4 (]: SQL status: OK in 0.002 seconds
[0m11:43:23.509106 [debug] [Thread-4 (]: Using duckdb connection "test.stride_accountability.unique_stg_students_student_key.cb390c0f9d"
[0m11:43:23.509910 [debug] [Thread-4 (]: On test.stride_accountability.unique_stg_students_student_key.cb390c0f9d: /* {"app": "dbt", "dbt_version": "1.11.2", "profile_name": "stride_accountability", "target_name": "dev", "node_id": "test.stride_accountability.unique_stg_students_student_key.cb390c0f9d"} */

    select
      count(*) as failures,
      count(*) != 0 as should_warn,
      count(*) != 0 as should_error
    from (
      
    
  
    
    

select
    student_key as unique_field,
    count(*) as n_records

from "school_analytics"."main"."stg_students"
where student_key is not null
group by student_key
having count(*) > 1



  
  
      
    ) dbt_internal_test
[0m11:43:23.513664 [debug] [Thread-4 (]: SQL status: OK in 0.003 seconds
[0m11:43:23.516388 [debug] [Thread-4 (]: On test.stride_accountability.unique_stg_students_student_key.cb390c0f9d: ROLLBACK
[0m11:43:23.518015 [debug] [Thread-4 (]: Failed to rollback 'test.stride_accountability.unique_stg_students_student_key.cb390c0f9d'
[0m11:43:23.518805 [debug] [Thread-4 (]: On test.stride_accountability.unique_stg_students_student_key.cb390c0f9d: Close
[0m11:43:23.520197 [info ] [Thread-4 (]: 23 of 23 PASS unique_stg_students_student_key .................................. [[32mPASS[0m in 0.09s]
[0m11:43:23.521363 [debug] [Thread-4 (]: Finished running node test.stride_accountability.unique_stg_students_student_key.cb390c0f9d
[0m11:43:23.523828 [debug] [MainThread]: Using duckdb connection "master"
[0m11:43:23.524586 [debug] [MainThread]: On master: BEGIN
[0m11:43:23.525298 [debug] [MainThread]: Opening a new connection, currently in state closed
[0m11:43:23.526847 [debug] [MainThread]: SQL status: OK in 0.001 seconds
[0m11:43:23.527605 [debug] [MainThread]: On master: COMMIT
[0m11:43:23.528492 [debug] [MainThread]: Using duckdb connection "master"
[0m11:43:23.529177 [debug] [MainThread]: On master: COMMIT
[0m11:43:23.530229 [debug] [MainThread]: SQL status: OK in 0.000 seconds
[0m11:43:23.530902 [debug] [MainThread]: On master: Close
[0m11:43:23.531828 [debug] [MainThread]: Connection 'master' was properly closed.
[0m11:43:23.532450 [debug] [MainThread]: Connection 'test.stride_accountability.unique_stg_attendance_quarter_att_quarter_key.be92226425' was properly closed.
[0m11:43:23.533055 [debug] [MainThread]: Connection 'test.stride_accountability.unique_stg_assignments_assignment_key.b0401459e0' was properly closed.
[0m11:43:23.533605 [debug] [MainThread]: Connection 'test.stride_accountability.unique_stg_grades_grade_key.fa32ede5ee' was properly closed.
[0m11:43:23.534206 [debug] [MainThread]: Connection 'test.stride_accountability.unique_stg_students_student_key.cb390c0f9d' was properly closed.
[0m11:43:23.534958 [info ] [MainThread]: 
[0m11:43:23.535929 [info ] [MainThread]: Finished running 23 data tests in 0 hours 0 minutes and 1.50 seconds (1.50s).
[0m11:43:23.541027 [debug] [MainThread]: Command end result
[0m11:43:23.589984 [debug] [MainThread]: Wrote artifact WritableManifest to /content/drive/MyDrive/LPE/Amerigo/25-26/CC/alt db/dbt_project/target/manifest.json
[0m11:43:23.604912 [debug] [MainThread]: Wrote artifact SemanticManifest to /content/drive/MyDrive/LPE/Amerigo/25-26/CC/alt db/dbt_project/target/semantic_manifest.json
[0m11:43:23.640803 [debug] [MainThread]: Wrote artifact RunExecutionResult to /content/drive/MyDrive/LPE/Amerigo/25-26/CC/alt db/dbt_project/target/run_results.json
[0m11:43:23.643051 [info ] [MainThread]: 
[0m11:43:23.644408 [info ] [MainThread]: [32mCompleted successfully[0m
[0m11:43:23.645706 [info ] [MainThread]: 
[0m11:43:23.647160 [info ] [MainThread]: Done. PASS=23 WARN=0 ERROR=0 SKIP=0 NO-OP=0 TOTAL=23
[0m11:43:23.649341 [debug] [MainThread]: Resource report: {"command_name": "test", "command_success": true, "command_wall_clock_time": 3.3387322, "process_in_blocks": "368", "process_kernel_time": 0.463359, "process_mem_max_rss": "195968", "process_out_blocks": "0", "process_user_time": 7.694229}
[0m11:43:23.650414 [debug] [MainThread]: Command `dbt test` succeeded at 11:43:23.650235 after 3.34 seconds
[0m11:43:23.651293 [debug] [MainThread]: Sending event: {'category': 'dbt', 'action': 'invocation', 'label': 'end', 'context': [<snowplow_tracker.self_describing_json.SelfDescribingJson object at 0x7c375184e990>, <snowplow_tracker.self_describing_json.SelfDescribingJson object at 0x7c37518eab70>, <snowplow_tracker.self_describing_json.SelfDescribingJson object at 0x7c37517a3c80>]}
[0m11:43:23.652115 [debug] [MainThread]: Flushing usage events
[0m11:43:23.900209 [debug] [MainThread]: An error was encountered while trying to flush usage events
